mechanism,altitude,LF,FS height,distance,INR20 point estimate,INR20 CI lower,INR20 CI upper,margin point estimate,margin CI lower,margin CI upper,classification
exclusion zone,340,20,20,0,7.177080,6.902216,7.468242,-13.177080,-13.468242,-12.902216,supported non-compliant
exclusion zone,340,20,20,10,5.992991,5.653633,6.244491,-11.992991,-12.244491,-11.653633,supported non-compliant
exclusion zone,340,20,20,20,3.136157,2.811476,3.434883,-9.136157,-9.434883,-8.811476,supported non-compliant
exclusion zone,340,20,20,30,-1.045453,-1.329611,-0.761246,-4.954547,-5.238754,-4.670389,supported non-compliant
exclusion zone,340,20,20,40,-4.266819,-4.333709,-4.192166,-1.733181,-1.807834,-1.666291,supported non-compliant
exclusion zone,340,20,20,50,-4.738166,-4.783302,-4.697640,-1.261834,-1.302360,-1.216698,supported non-compliant
exclusion zone,340,20,20,60,-5.105786,-5.149291,-5.062941,-0.894214,-0.937059,-0.850709,supported non-compliant
exclusion zone,340,20,20,70,-5.626303,-5.658005,-5.584133,-0.373697,-0.415867,-0.341995,supported non-compliant
exclusion zone,340,20,20,80,-5.911607,-5.953140,-5.883087,-0.088393,-0.116913,-0.046860,supported non-compliant
exclusion zone,340,20,20,90,-6.117296,-6.154215,-6.075526,0.117296,0.075526,0.154215,supported compliant
exclusion zone,340,20,20,100,-6.520737,-6.569338,-6.480229,0.520737,0.480229,0.569338,supported compliant
exclusion zone,340,50,20,0,10.160539,10.119548,10.203578,-16.160539,-16.203578,-16.119548,supported non-compliant
exclusion zone,340,50,20,10,9.685298,9.603724,9.799238,-15.685298,-15.799238,-15.603724,supported non-compliant
exclusion zone,340,50,20,20,6.812203,6.692292,6.923848,-12.812203,-12.923848,-12.692292,supported non-compliant
exclusion zone,340,50,20,30,3.134348,3.039832,3.283041,-9.134348,-9.283041,-9.039832,supported non-compliant
exclusion zone,340,50,20,40,-0.502567,-0.555803,-0.455634,-5.497433,-5.544366,-5.444197,supported non-compliant
exclusion zone,340,50,20,50,-1.025748,-1.055682,-0.993957,-4.974252,-5.006043,-4.944318,supported non-compliant
exclusion zone,340,50,20,60,-1.361352,-1.390115,-1.336927,-4.638648,-4.663073,-4.609885,supported non-compliant
exclusion zone,340,50,20,70,-1.873552,-1.899737,-1.839627,-4.126448,-4.160373,-4.100263,supported non-compliant
exclusion zone,340,50,20,80,-2.152963,-2.168219,-2.128332,-3.847037,-3.871668,-3.831781,supported non-compliant
exclusion zone,340,50,20,90,-2.339470,-2.363746,-2.309235,-3.660530,-3.690765,-3.636254,supported non-compliant
exclusion zone,340,50,20,100,-2.678837,-2.703348,-2.651748,-3.321163,-3.348252,-3.296652,supported non-compliant
exclusion zone,340,20,40,0,7.097524,6.847556,7.384621,-13.097524,-13.384621,-12.847556,supported non-compliant
exclusion zone,340,20,40,10,5.886122,5.550561,6.189150,-11.886122,-12.189150,-11.550561,supported non-compliant
exclusion zone,340,20,40,20,3.067700,2.745038,3.366383,-9.067700,-9.366383,-8.745038,supported non-compliant
exclusion zone,340,20,40,30,-1.135602,-1.437458,-0.828766,-4.864398,-5.171234,-4.562542,supported non-compliant
exclusion zone,340,20,40,40,-4.343606,-4.418433,-4.265730,-1.656394,-1.734270,-1.581567,supported non-compliant
exclusion zone,340,20,40,50,-4.825920,-4.865792,-4.778149,-1.174080,-1.221851,-1.134208,supported non-compliant
exclusion zone,340,20,40,60,-5.196805,-5.241226,-5.158037,-0.803195,-0.841963,-0.758774,supported non-compliant
exclusion zone,340,20,40,70,-5.716639,-5.752768,-5.677416,-0.283361,-0.322584,-0.247232,supported non-compliant
exclusion zone,340,20,40,80,-5.997361,-6.033650,-5.961968,-0.002639,-0.038032,0.033650,borderline
exclusion zone,340,20,40,90,-6.195784,-6.237610,-6.159496,0.195784,0.159496,0.237610,supported compliant
exclusion zone,340,20,40,100,-6.608068,-6.654236,-6.563037,0.608068,0.563037,0.654236,supported compliant
exclusion zone,340,50,40,0,10.063951,10.032129,10.110249,-16.063951,-16.110249,-16.032129,supported non-compliant
exclusion zone,340,50,40,10,9.603564,9.530390,9.692179,-15.603564,-15.692179,-15.530390,supported non-compliant
exclusion zone,340,50,40,20,6.714288,6.588371,6.800352,-12.714288,-12.800352,-12.588371,supported non-compliant
exclusion zone,340,50,40,30,3.038066,2.944806,3.139386,-9.038066,-9.139386,-8.944806,supported non-compliant
exclusion zone,340,50,40,40,-0.585221,-0.634776,-0.541120,-5.414779,-5.458880,-5.365224,supported non-compliant
exclusion zone,340,50,40,50,-1.114194,-1.139094,-1.089760,-4.885806,-4.910240,-4.860906,supported non-compliant
exclusion zone,340,50,40,60,-1.444458,-1.472945,-1.416320,-4.555542,-4.583680,-4.527055,supported non-compliant
exclusion zone,340,50,40,70,-1.958823,-1.983629,-1.924059,-4.041177,-4.075941,-4.016371,supported non-compliant
exclusion zone,340,50,40,80,-2.229850,-2.251203,-2.206103,-3.770150,-3.793897,-3.748797,supported non-compliant
exclusion zone,340,50,40,90,-2.414238,-2.439307,-2.386812,-3.585762,-3.613188,-3.560693,supported non-compliant
exclusion zone,340,50,40,100,-2.755481,-2.780326,-2.728172,-3.244519,-3.271828,-3.219674,supported non-compliant
exclusion zone,525,20,20,0,3.130819,2.794055,3.433773,-9.130819,-9.433773,-8.794055,supported non-compliant
exclusion zone,525,20,20,10,2.587656,2.249535,2.961267,-8.587656,-8.961267,-8.249535,supported non-compliant
exclusion zone,525,20,20,20,1.109246,0.840337,1.420368,-7.109246,-7.420368,-6.840337,supported non-compliant
exclusion zone,525,20,20,30,-0.656055,-0.993248,-0.407201,-5.343945,-5.592799,-5.006752,supported non-compliant
exclusion zone,525,20,20,40,-2.905875,-3.171997,-2.588477,-3.094125,-3.411523,-2.828003,supported non-compliant
exclusion zone,525,20,20,50,-6.720763,-6.996468,-6.367120,0.720763,0.367120,0.996468,supported compliant
exclusion zone,525,20,20,60,-8.479363,-8.540359,-8.392931,2.479363,2.392931,2.540359,supported compliant
exclusion zone,525,20,20,70,-8.902334,-8.965527,-8.845816,2.902334,2.845816,2.965527,supported compliant
exclusion zone,525,20,20,80,-9.104035,-9.159194,-9.048615,3.104035,3.048615,3.159194,supported compliant
exclusion zone,525,20,20,90,-9.453496,-9.506611,-9.405832,3.453496,3.405832,3.506611,supported compliant
exclusion zone,525,20,20,100,-9.881052,-9.930870,-9.833674,3.881052,3.833674,3.930870,supported compliant
exclusion zone,525,50,20,0,6.356792,6.311467,6.404134,-12.356792,-12.404134,-12.311467,supported non-compliant
exclusion zone,525,50,20,10,6.191631,6.128445,6.245927,-12.191631,-12.245927,-12.128445,supported non-compliant
exclusion zone,525,50,20,20,5.329281,5.219021,5.440075,-11.329281,-11.440075,-11.219021,supported non-compliant
exclusion zone,525,50,20,30,2.971893,2.872222,3.081640,-8.971893,-9.081640,-8.872222,supported non-compliant
exclusion zone,525,50,20,40,0.740603,0.650887,0.841290,-6.740603,-6.841290,-6.650887,supported non-compliant
exclusion zone,525,50,20,50,-2.227403,-2.348218,-2.119491,-3.772597,-3.880509,-3.651782,supported non-compliant
exclusion zone,525,50,20,60,-4.732184,-4.776994,-4.676311,-1.267816,-1.323689,-1.223006,supported non-compliant
exclusion zone,525,50,20,70,-5.205350,-5.243716,-5.171667,-0.794650,-0.828333,-0.756284,supported non-compliant
exclusion zone,525,50,20,80,-5.384421,-5.419016,-5.356590,-0.615579,-0.643410,-0.580984,supported non-compliant
exclusion zone,525,50,20,90,-5.742164,-5.773404,-5.712260,-0.257836,-0.287740,-0.226596,supported non-compliant
exclusion zone,525,50,20,100,-6.144842,-6.176467,-6.120990,0.144842,0.120990,0.176467,supported compliant
exclusion zone,525,20,40,0,3.037913,2.696719,3.338181,-9.037913,-9.338181,-8.696719,supported non-compliant
exclusion zone,525,20,40,10,2.509827,2.170339,2.840748,-8.509827,-8.840748,-8.170339,supported non-compliant
exclusion zone,525,20,40,20,1.028887,0.769209,1.315851,-7.028887,-7.315851,-6.769209,supported non-compliant
exclusion zone,525,20,40,30,-0.785194,-1.132060,-0.495010,-5.214806,-5.504990,-4.867940,supported non-compliant
exclusion zone,525,20,40,40,-3.014226,-3.270468,-2.725822,-2.985774,-3.274178,-2.729532,supported non-compliant
exclusion zone,525,20,40,50,-6.798576,-7.067983,-6.486712,0.798576,0.486712,1.067983,supported compliant
exclusion zone,525,20,40,60,-8.575137,-8.640150,-8.509654,2.575137,2.509654,2.640150,supported compliant
exclusion zone,525,20,40,70,-8.994441,-9.062871,-8.939480,2.994441,2.939480,3.062871,supported compliant
exclusion zone,525,20,40,80,-9.197206,-9.261917,-9.149260,3.197206,3.149260,3.261917,supported compliant
exclusion zone,525,20,40,90,-9.552748,-9.595184,-9.498196,3.552748,3.498196,3.595184,supported compliant
exclusion zone,525,20,40,100,-9.982667,-10.031449,-9.941198,3.982667,3.941198,4.031449,supported compliant
exclusion zone,525,50,40,0,6.277771,6.235460,6.317715,-12.277771,-12.317715,-12.235460,supported non-compliant
exclusion zone,525,50,40,10,6.099738,6.041211,6.164922,-12.099738,-12.164922,-12.041211,supported non-compliant
exclusion zone,525,50,40,20,5.237032,5.106587,5.347605,-11.237032,-11.347605,-11.106587,supported non-compliant
exclusion zone,525,50,40,30,2.891160,2.762231,2.983702,-8.891160,-8.983702,-8.762231,supported non-compliant
exclusion zone,525,50,40,40,0.654771,0.538095,0.728698,-6.654771,-6.728698,-6.538095,supported non-compliant
exclusion zone,525,50,40,50,-2.310465,-2.443757,-2.202392,-3.689535,-3.797608,-3.556243,supported non-compliant
exclusion zone,525,50,40,60,-4.822329,-4.870162,-4.776150,-1.177671,-1.223850,-1.129838,supported non-compliant
exclusion zone,525,50,40,70,-5.315145,-5.346574,-5.280102,-0.684855,-0.719898,-0.653426,supported non-compliant
exclusion zone,525,50,40,80,-5.487484,-5.518849,-5.452508,-0.512516,-0.547492,-0.481151,supported non-compliant
exclusion zone,525,50,40,90,-5.841247,-5.870805,-5.804703,-0.158753,-0.195297,-0.129195,supported non-compliant
exclusion zone,525,50,40,100,-6.238457,-6.266887,-6.218001,0.238457,0.218001,0.266887,supported compliant
