scenario_id,load_factor,pbo_db,affected_fraction,group,metric,estimate,ci95_lower,ci95_upper,repetitions,seed,analysis_type
LF20_PBO05_F05,0.2,5.0,0.05,affected,outage_probability,0.0010882182240278583,0.0005790335586519461,0.0017376257525018384,2000,838,paired_delta_pbo_minus_baseline
LF20_PBO05_F05,0.2,5.0,0.05,affected,sinr_mean_db,-4.973277801747212,-4.977142922187322,-4.967765352416632,2000,838,paired_delta_pbo_minus_baseline
LF20_PBO05_F05,0.2,5.0,0.05,affected,sinr_p5_db,-4.9723344919601695,-4.981378967795675,-4.953691611023352,2000,838,paired_delta_pbo_minus_baseline
LF20_PBO05_F05,0.2,5.0,0.05,affected,spectral_efficiency_mean_bpshz,-1.0080842825955987,-1.0111348955518997,-1.0048033563195113,2000,838,paired_delta_pbo_minus_baseline
LF20_PBO05_F05,0.2,5.0,0.05,affected,spectral_efficiency_p5_bpshz,-0.7857971280243221,-0.7887069161409733,-0.7811278993213657,2000,838,paired_delta_pbo_minus_baseline
LF20_PBO05_F05,0.2,5.0,0.05,all,outage_probability,3.270717268296939e-05,-7.256277301348832e-06,6.916061041235163e-05,2000,838,paired_delta_pbo_minus_baseline
LF20_PBO05_F05,0.2,5.0,0.05,all,sinr_mean_db,-0.22283351975266363,-0.22603306424012226,-0.21862438684141822,2000,838,paired_delta_pbo_minus_baseline
LF20_PBO05_F05,0.2,5.0,0.05,all,sinr_p5_db,-0.40283493092489664,-0.4475689998195215,-0.36594957736422223,2000,838,paired_delta_pbo_minus_baseline
LF20_PBO05_F05,0.2,5.0,0.05,all,spectral_efficiency_mean_bpshz,-0.044695552704124175,-0.04530199670233017,-0.043928154243015986,2000,838,paired_delta_pbo_minus_baseline
LF20_PBO05_F05,0.2,5.0,0.05,all,spectral_efficiency_p5_bpshz,-0.07655749129411626,-0.08479148241597306,-0.06968021926400299,2000,838,paired_delta_pbo_minus_baseline
LF20_PBO05_F05,0.2,5.0,0.05,unaffected,outage_probability,-2.295464544637221e-05,-5.359406604066077e-05,-3.8158716065927315e-06,2000,838,paired_delta_pbo_minus_baseline
LF20_PBO05_F05,0.2,5.0,0.05,unaffected,sinr_mean_db,0.0276786518830896,0.0245124673596687,0.031903811536234894,2000,838,paired_delta_pbo_minus_baseline
LF20_PBO05_F05,0.2,5.0,0.05,unaffected,sinr_p5_db,0.029955871693196023,0.025429597244470893,0.03405117820176,2000,838,paired_delta_pbo_minus_baseline
LF20_PBO05_F05,0.2,5.0,0.05,unaffected,spectral_efficiency_mean_bpshz,0.006108243431171001,0.0054970011393355445,0.006876896684478461,2000,838,paired_delta_pbo_minus_baseline
LF20_PBO05_F05,0.2,5.0,0.05,unaffected,spectral_efficiency_p5_bpshz,0.005773293065434837,0.004906406138241642,0.006560752984312401,2000,838,paired_delta_pbo_minus_baseline
LF20_PBO10_F05,0.2,10.0,0.05,affected,outage_probability,0.003482298316889147,0.002253844748845906,0.00485304162167408,2000,838,paired_delta_pbo_minus_baseline
LF20_PBO10_F05,0.2,10.0,0.05,affected,sinr_mean_db,-9.96357035055059,-9.96971404374262,-9.954413600167767,2000,838,paired_delta_pbo_minus_baseline
LF20_PBO10_F05,0.2,10.0,0.05,affected,sinr_p5_db,-9.966039976815212,-9.975281594596112,-9.945850108029067,2000,838,paired_delta_pbo_minus_baseline
LF20_PBO10_F05,0.2,10.0,0.05,affected,spectral_efficiency_mean_bpshz,-1.7251262567010759,-1.7323668647065136,-1.7174093161252826,2000,838,paired_delta_pbo_minus_baseline
LF20_PBO10_F05,0.2,10.0,0.05,affected,spectral_efficiency_p5_bpshz,-1.2160302848799005,-1.2210717349166784,-1.2090110626058663,2000,838,paired_delta_pbo_minus_baseline
LF20_PBO10_F05,0.2,10.0,0.05,all,outage_probability,0.00015263347252052374,8.355606647921108e-05,0.00022531110431177697,2000,838,paired_delta_pbo_minus_baseline
LF20_PBO10_F05,0.2,10.0,0.05,all,sinr_mean_db,-0.46368843909248625,-0.46853013634377755,-0.4570499209205539,2000,838,paired_delta_pbo_minus_baseline
LF20_PBO10_F05,0.2,10.0,0.05,all,sinr_p5_db,-1.2986441039901648,-1.5242838124389104,-1.1203774644178366,2000,838,paired_delta_pbo_minus_baseline
LF20_PBO10_F05,0.2,10.0,0.05,all,spectral_efficiency_mean_bpshz,-0.0786005867754005,-0.07955728083456684,-0.07737908380685186,2000,838,paired_delta_pbo_minus_baseline
LF20_PBO10_F05,0.2,10.0,0.05,all,spectral_efficiency_p5_bpshz,-0.23929979999238316,-0.27815170316912236,-0.2080178850063932,2000,838,paired_delta_pbo_minus_baseline
LF20_PBO10_F05,0.2,10.0,0.05,unaffected,outage_probability,-2.295464544637221e-05,-5.359406604066077e-05,-3.8158716065927315e-06,2000,838,paired_delta_pbo_minus_baseline
LF20_PBO10_F05,0.2,10.0,0.05,unaffected,sinr_mean_db,0.037282818889179836,0.03246701773683447,0.04380269628664312,2000,838,paired_delta_pbo_minus_baseline
LF20_PBO10_F05,0.2,10.0,0.05,unaffected,sinr_p5_db,0.03948866522343053,0.0337562245499361,0.045896059037737726,2000,838,paired_delta_pbo_minus_baseline
LF20_PBO10_F05,0.2,10.0,0.05,unaffected,spectral_efficiency_mean_bpshz,0.008228075291111914,0.007300660166497985,0.009449178284644399,2000,838,paired_delta_pbo_minus_baseline
LF20_PBO10_F05,0.2,10.0,0.05,unaffected,spectral_efficiency_p5_bpshz,0.007612809163705325,0.006512723863590736,0.008834215929114608,2000,838,paired_delta_pbo_minus_baseline
LF20_PBO15_F05,0.2,15.0,0.05,affected,outage_probability,0.18448926291352294,0.17721688943879996,0.1928602319304637,2000,838,paired_delta_pbo_minus_baseline
LF20_PBO15_F05,0.2,15.0,0.05,affected,sinr_mean_db,-14.959945783524212,-14.967361127021004,-14.948610727054078,2000,838,paired_delta_pbo_minus_baseline
LF20_PBO15_F05,0.2,15.0,0.05,affected,sinr_p5_db,-14.963847850072094,-14.973380810785057,-14.942609728826755,2000,838,paired_delta_pbo_minus_baseline
LF20_PBO15_F05,0.2,15.0,0.05,affected,spectral_efficiency_mean_bpshz,-2.1494369650408705,-2.159931444239692,-2.1382285769799334,2000,838,paired_delta_pbo_minus_baseline
LF20_PBO15_F05,0.2,15.0,0.05,affected,spectral_efficiency_p5_bpshz,-1.4871646741372433,-1.4941597549361183,-1.4776173662342629,2000,838,paired_delta_pbo_minus_baseline
LF20_PBO15_F05,0.2,15.0,0.05,all,outage_probability,0.009219788566299255,0.008855454602330608,0.009640249225221949,2000,838,paired_delta_pbo_minus_baseline
LF20_PBO15_F05,0.2,15.0,0.05,all,sinr_mean_db,-0.7107616907460903,-0.7165262955172276,-0.7028802297753282,2000,838,paired_delta_pbo_minus_baseline
LF20_PBO15_F05,0.2,15.0,0.05,all,sinr_p5_db,-4.8136745497969615,-5.187530855852217,-4.43068044892603,2000,838,paired_delta_pbo_minus_baseline
LF20_PBO15_F05,0.2,15.0,0.05,all,spectral_efficiency_mean_bpshz,-0.09914128178956538,-0.10026596679583596,-0.09762170727873164,2000,838,paired_delta_pbo_minus_baseline
LF20_PBO15_F05,0.2,15.0,0.05,all,spectral_efficiency_p5_bpshz,-0.7666780985313643,-0.8104551811188283,-0.7186673085106962,2000,838,paired_delta_pbo_minus_baseline
LF20_PBO15_F05,0.2,15.0,0.05,unaffected,outage_probability,-2.295464544637221e-05,-5.359406604066077e-05,-3.8158716065927315e-06,2000,838,paired_delta_pbo_minus_baseline
LF20_PBO15_F05,0.2,15.0,0.05,unaffected,sinr_mean_db,0.040661510795130695,0.03504060273851617,0.04838348074616849,2000,838,paired_delta_pbo_minus_baseline
LF20_PBO15_F05,0.2,15.0,0.05,unaffected,sinr_p5_db,0.042623869398826564,0.036366067596361476,0.0497817942396647,2000,838,paired_delta_pbo_minus_baseline
LF20_PBO15_F05,0.2,15.0,0.05,unaffected,spectral_efficiency_mean_bpshz,0.008979978795150334,0.007882201328365479,0.010440011378728785,2000,838,paired_delta_pbo_minus_baseline
LF20_PBO15_F05,0.2,15.0,0.05,unaffected,spectral_efficiency_p5_bpshz,0.008218042211045384,0.007009171534283714,0.009598204000610054,2000,838,paired_delta_pbo_minus_baseline
LF20_PBO20_F05,0.2,20.0,0.05,affected,outage_probability,0.6711404526987812,0.6628339216946165,0.6795933892309496,2000,838,paired_delta_pbo_minus_baseline
LF20_PBO20_F05,0.2,20.0,0.05,affected,sinr_mean_db,-19.958633187894975,-19.96661552093866,-19.946460555372724,2000,838,paired_delta_pbo_minus_baseline
LF20_PBO20_F05,0.2,20.0,0.05,affected,sinr_p5_db,-19.963306695406956,-19.97304747518965,-19.94199755107492,2000,838,paired_delta_pbo_minus_baseline
LF20_PBO20_F05,0.2,20.0,0.05,affected,spectral_efficiency_mean_bpshz,-2.3511332224933685,-2.3637021647037995,-2.3374357436811417,2000,838,paired_delta_pbo_minus_baseline
LF20_PBO20_F05,0.2,20.0,0.05,affected,spectral_efficiency_p5_bpshz,-1.4871646741372433,-1.4941597549361183,-1.4776173662342629,2000,838,paired_delta_pbo_minus_baseline
LF20_PBO20_F05,0.2,20.0,0.05,all,outage_probability,0.03359753460600576,0.033181249315755834,0.0340191141099589,2000,838,paired_delta_pbo_minus_baseline
LF20_PBO20_F05,0.2,20.0,0.05,all,sinr_mean_db,-0.960046730469859,-0.9661943271518408,-0.9516144006843492,2000,838,paired_delta_pbo_minus_baseline
LF20_PBO20_F05,0.2,20.0,0.05,all,sinr_p5_db,-8.608198361330478,-8.889028388243904,-8.333812569541497,2000,838,paired_delta_pbo_minus_baseline
LF20_PBO20_F05,0.2,20.0,0.05,all,spectral_efficiency_mean_bpshz,-0.1089942749034436,-0.11024258688968402,-0.10736439393444551,2000,838,paired_delta_pbo_minus_baseline
LF20_PBO20_F05,0.2,20.0,0.05,all,spectral_efficiency_p5_bpshz,-1.1310618180445124,-1.1494977976663565,-1.1124259534484238,2000,838,paired_delta_pbo_minus_baseline
LF20_PBO20_F05,0.2,20.0,0.05,unaffected,outage_probability,-2.295464544637221e-05,-5.359406604066077e-05,-3.8158716065927315e-06,2000,838,paired_delta_pbo_minus_baseline
LF20_PBO20_F05,0.2,20.0,0.05,unaffected,sinr_mean_db,0.041833697745786935,0.03584586358942645,0.05004167068599953,2000,838,paired_delta_pbo_minus_baseline
LF20_PBO20_F05,0.2,20.0,0.05,unaffected,sinr_p5_db,0.043958188732503345,0.037195413959931735,0.05136714586619761,2000,838,paired_delta_pbo_minus_baseline
LF20_PBO20_F05,0.2,20.0,0.05,unaffected,spectral_efficiency_mean_bpshz,0.009243738959553216,0.008065990182909367,0.01082011013470493,2000,838,paired_delta_pbo_minus_baseline
LF20_PBO20_F05,0.2,20.0,0.05,unaffected,spectral_efficiency_p5_bpshz,0.00847566110870801,0.0071788806813629594,0.009899594912273251,2000,838,paired_delta_pbo_minus_baseline
LF20_PBO05_F10,0.2,5.0,0.1,affected,outage_probability,0.00108837614279495,0.0006547067521908374,0.0015981244263718905,2000,838,paired_delta_pbo_minus_baseline
LF20_PBO05_F10,0.2,5.0,0.1,affected,sinr_mean_db,-4.944213234551599,-4.94904386730533,-4.938559959020524,2000,838,paired_delta_pbo_minus_baseline
LF20_PBO05_F10,0.2,5.0,0.1,affected,sinr_p5_db,-4.9435983325270545,-4.950316580456339,-4.92923986800285,2000,838,paired_delta_pbo_minus_baseline
LF20_PBO05_F10,0.2,5.0,0.1,affected,spectral_efficiency_mean_bpshz,-1.001078563454476,-1.003652625049,-0.9984458117728451,2000,838,paired_delta_pbo_minus_baseline
LF20_PBO05_F10,0.2,5.0,0.1,affected,spectral_efficiency_p5_bpshz,-0.7818550577589591,-0.784319206466628,-0.7773285429301042,2000,838,paired_delta_pbo_minus_baseline
LF20_PBO05_F10,0.2,5.0,0.1,all,outage_probability,8.721912715458499e-05,3.6250896272989596e-05,0.00014479655125784773,2000,838,paired_delta_pbo_minus_baseline
LF20_PBO05_F10,0.2,5.0,0.1,all,sinr_mean_db,-0.4439559573665912,-0.4486681871996787,-0.43880803021288617,2000,838,paired_delta_pbo_minus_baseline
LF20_PBO05_F10,0.2,5.0,0.1,all,sinr_p5_db,-2.126120065065836,-2.2533804208191888,-2.023322412690443,2000,838,paired_delta_pbo_minus_baseline
LF20_PBO05_F10,0.2,5.0,0.1,all,spectral_efficiency_mean_bpshz,-0.08888600826510906,-0.08981832490100371,-0.08788032765858513,2000,838,paired_delta_pbo_minus_baseline
LF20_PBO05_F10,0.2,5.0,0.1,all,spectral_efficiency_p5_bpshz,-0.37987950483223454,-0.4002386728819641,-0.3635692554625858,2000,838,paired_delta_pbo_minus_baseline
LF20_PBO05_F10,0.2,5.0,0.1,unaffected,outage_probability,-2.4232143938934984e-05,-5.657839538434198e-05,-4.027840435621507e-06,2000,838,paired_delta_pbo_minus_baseline
LF20_PBO05_F10,0.2,5.0,0.1,unaffected,sinr_mean_db,0.057023795014531586,0.052289612758273395,0.06217866923638801,2000,838,paired_delta_pbo_minus_baseline
LF20_PBO05_F10,0.2,5.0,0.1,unaffected,sinr_p5_db,0.06205253401149324,0.056014686012990714,0.06863602469358679,2000,838,paired_delta_pbo_minus_baseline
LF20_PBO05_F10,0.2,5.0,0.1,unaffected,spectral_efficiency_mean_bpshz,0.012661519415024358,0.011734796773486678,0.013654221737268112,2000,838,paired_delta_pbo_minus_baseline
LF20_PBO05_F10,0.2,5.0,0.1,unaffected,spectral_efficiency_p5_bpshz,0.011972209978332371,0.010819449666684123,0.013227847655466751,2000,838,paired_delta_pbo_minus_baseline
LF20_PBO10_F10,0.2,10.0,0.1,affected,outage_probability,0.0038455957045421566,0.0026433353625546514,0.005290109064654536,2000,838,paired_delta_pbo_minus_baseline
LF20_PBO10_F10,0.2,10.0,0.1,affected,sinr_mean_db,-9.924927346326022,-9.932112710151134,-9.915996465323492,2000,838,paired_delta_pbo_minus_baseline
LF20_PBO10_F10,0.2,10.0,0.1,affected,sinr_p5_db,-9.924292170429236,-9.934192260302073,-9.908541900744469,2000,838,paired_delta_pbo_minus_baseline
LF20_PBO10_F10,0.2,10.0,0.1,affected,spectral_efficiency_mean_bpshz,-1.7164261915658172,-1.7219686811349555,-1.7105682092946874,2000,838,paired_delta_pbo_minus_baseline
LF20_PBO10_F10,0.2,10.0,0.1,affected,spectral_efficiency_p5_bpshz,-1.2128189497798638,-1.2175217985302984,-1.205717873315985,2000,838,paired_delta_pbo_minus_baseline
LF20_PBO10_F10,0.2,10.0,0.1,all,outage_probability,0.0003634130298107708,0.0002372235977055201,0.0005097723219466307,2000,838,paired_delta_pbo_minus_baseline
LF20_PBO10_F10,0.2,10.0,0.1,all,sinr_mean_db,-0.9253094284093608,-0.9323720155355659,-0.9175270714263513,2000,838,paired_delta_pbo_minus_baseline
LF20_PBO10_F10,0.2,10.0,0.1,all,sinr_p5_db,-6.836064777905593,-6.924207414269115,-6.759918093958142,2000,838,paired_delta_pbo_minus_baseline
LF20_PBO10_F10,0.2,10.0,0.1,all,spectral_efficiency_mean_bpshz,-0.1566368187022289,-0.15803836199240834,-0.15509734671415146,2000,838,paired_delta_pbo_minus_baseline
LF20_PBO10_F10,0.2,10.0,0.1,all,spectral_efficiency_p5_bpshz,-0.985909713235897,-0.9940692504523886,-0.9781984115731915,2000,838,paired_delta_pbo_minus_baseline
LF20_PBO10_F10,0.2,10.0,0.1,unaffected,outage_probability,-2.4232143938934984e-05,-5.657839538434198e-05,-4.027840435621507e-06,2000,838,paired_delta_pbo_minus_baseline
LF20_PBO10_F10,0.2,10.0,0.1,unaffected,sinr_mean_db,0.0765502605688706,0.06948681428403,0.08432228922869464,2000,838,paired_delta_pbo_minus_baseline
LF20_PBO10_F10,0.2,10.0,0.1,unaffected,sinr_p5_db,0.08239409210115678,0.0739305569130255,0.09202074649110976,2000,838,paired_delta_pbo_minus_baseline
LF20_PBO10_F10,0.2,10.0,0.1,unaffected,spectral_efficiency_mean_bpshz,0.017002785803383436,0.015623424564593447,0.018511069415993286,2000,838,paired_delta_pbo_minus_baseline
LF20_PBO10_F10,0.2,10.0,0.1,unaffected,spectral_efficiency_p5_bpshz,0.015907025311622247,0.014271774498783673,0.017746174054571733,2000,838,paired_delta_pbo_minus_baseline
LF20_PBO15_F10,0.2,15.0,0.1,affected,outage_probability,0.17892903787548978,0.17244714613734966,0.18556211256780886,2000,838,paired_delta_pbo_minus_baseline
LF20_PBO15_F10,0.2,15.0,0.1,affected,sinr_mean_db,-14.918210612477708,-14.92666461226625,-14.907630750609343,2000,838,paired_delta_pbo_minus_baseline
LF20_PBO15_F10,0.2,15.0,0.1,affected,sinr_p5_db,-14.917350646107744,-14.928213231378578,-14.90147725315659,2000,838,paired_delta_pbo_minus_baseline
LF20_PBO15_F10,0.2,15.0,0.1,affected,spectral_efficiency_mean_bpshz,-2.1401001818202667,-2.1479615209021237,-2.131707455759725,2000,838,paired_delta_pbo_minus_baseline
LF20_PBO15_F10,0.2,15.0,0.1,affected,spectral_efficiency_p5_bpshz,-1.4859237401433465,-1.492765689102651,-1.476985749198066,2000,838,paired_delta_pbo_minus_baseline
LF20_PBO15_F10,0.2,15.0,0.1,all,outage_probability,0.017901725848478572,0.017248476718987306,0.018570250456553344,2000,838,paired_delta_pbo_minus_baseline
LF20_PBO15_F10,0.2,15.0,0.1,all,sinr_mean_db,-1.4194609150413209,-1.4275633046865885,-1.4103742354987203,2000,838,paired_delta_pbo_minus_baseline
LF20_PBO15_F10,0.2,15.0,0.1,all,sinr_p5_db,-11.695263088242292,-11.76354581039721,-11.629024603387093,2000,838,paired_delta_pbo_minus_baseline
LF20_PBO15_F10,0.2,15.0,0.1,all,spectral_efficiency_mean_bpshz,-0.19772806745132065,-0.19938664085943608,-0.19593379853838286,2000,838,paired_delta_pbo_minus_baseline
LF20_PBO15_F10,0.2,15.0,0.1,all,spectral_efficiency_p5_bpshz,-1.2988620768119377,-1.3049581219737374,-1.292419458003095,2000,838,paired_delta_pbo_minus_baseline
LF20_PBO15_F10,0.2,15.0,0.1,unaffected,outage_probability,-2.4232143938934984e-05,-5.657839538434198e-05,-4.027840435621507e-06,2000,838,paired_delta_pbo_minus_baseline
LF20_PBO15_F10,0.2,15.0,0.1,unaffected,sinr_mean_db,0.08325323313879096,0.07509826707736286,0.09211574892528257,2000,838,paired_delta_pbo_minus_baseline
LF20_PBO15_F10,0.2,15.0,0.1,unaffected,sinr_p5_db,0.08907235269916214,0.07950045846290558,0.09978173526968978,2000,838,paired_delta_pbo_minus_baseline
LF20_PBO15_F10,0.2,15.0,0.1,unaffected,spectral_efficiency_mean_bpshz,0.01850159253319328,0.016887812058931983,0.02029364781363132,2000,838,paired_delta_pbo_minus_baseline
LF20_PBO15_F10,0.2,15.0,0.1,unaffected,spectral_efficiency_p5_bpshz,0.017199942657405654,0.01536760199344639,0.019256275018326777,2000,838,paired_delta_pbo_minus_baseline
LF20_PBO20_F10,0.2,20.0,0.1,affected,outage_probability,0.6720722681758815,0.6662541763724443,0.6778148769973225,2000,838,paired_delta_pbo_minus_baseline
LF20_PBO20_F10,0.2,20.0,0.1,affected,sinr_mean_db,-19.91590148558229,-19.924899213313132,-19.9045282280719,2000,838,paired_delta_pbo_minus_baseline
LF20_PBO20_F10,0.2,20.0,0.1,affected,sinr_p5_db,-19.91541778980763,-19.92663243533714,-19.899203777484004,2000,838,paired_delta_pbo_minus_baseline
LF20_PBO20_F10,0.2,20.0,0.1,affected,spectral_efficiency_mean_bpshz,-2.342568699658501,-2.352171655626623,-2.3324296252903145,2000,838,paired_delta_pbo_minus_baseline
LF20_PBO20_F10,0.2,20.0,0.1,affected,spectral_efficiency_p5_bpshz,-1.4859237401433465,-1.492765689102651,-1.476985749198066,2000,838,paired_delta_pbo_minus_baseline
LF20_PBO20_F10,0.2,20.0,0.1,all,outage_probability,0.06730045899065666,0.06670441050407441,0.06788351196034119,2000,838,paired_delta_pbo_minus_baseline
LF20_PBO20_F10,0.2,20.0,0.1,all,sinr_mean_db,-1.9180403649909818,-1.9265968634969315,-1.9084873253602415,2000,838,paired_delta_pbo_minus_baseline
LF20_PBO20_F10,0.2,20.0,0.1,all,sinr_p5_db,-16.652507808836155,-16.71781880716483,-16.585298385628978,2000,838,paired_delta_pbo_minus_baseline
LF20_PBO20_F10,0.2,20.0,0.1,all,spectral_efficiency_mean_bpshz,-0.2175486900138548,-0.21932011033002463,-0.21561269206623065,2000,838,paired_delta_pbo_minus_baseline
LF20_PBO20_F10,0.2,20.0,0.1,all,spectral_efficiency_p5_bpshz,-1.4879274475925661,-1.49422553168845,-1.4811807487466095,2000,838,paired_delta_pbo_minus_baseline
LF20_PBO20_F10,0.2,20.0,0.1,unaffected,outage_probability,-2.4232143938934984e-05,-5.657839538434198e-05,-4.027840435621507e-06,2000,838,paired_delta_pbo_minus_baseline
LF20_PBO20_F10,0.2,20.0,0.1,unaffected,sinr_mean_db,0.08552597627021363,0.07691638473011837,0.09498841399555284,2000,838,paired_delta_pbo_minus_baseline
LF20_PBO20_F10,0.2,20.0,0.1,unaffected,sinr_p5_db,0.09155917570975891,0.08148923668280772,0.10235299543464588,2000,838,paired_delta_pbo_minus_baseline
LF20_PBO20_F10,0.2,20.0,0.1,unaffected,spectral_efficiency_mean_bpshz,0.01901378467706305,0.017303665508539613,0.02092691380945931,2000,838,paired_delta_pbo_minus_baseline
LF20_PBO20_F10,0.2,20.0,0.1,unaffected,spectral_efficiency_p5_bpshz,0.01768153176628484,0.015741293574521514,0.019743629102195584,2000,838,paired_delta_pbo_minus_baseline
LF20_PBO05_F15,0.2,5.0,0.15,affected,outage_probability,0.0010654268971863044,0.0006772773450728074,0.001531986829862015,2000,838,paired_delta_pbo_minus_baseline
LF20_PBO05_F15,0.2,5.0,0.15,affected,sinr_mean_db,-4.915517465255705,-4.921318858800778,-4.909170092988108,2000,838,paired_delta_pbo_minus_baseline
LF20_PBO05_F15,0.2,5.0,0.15,affected,sinr_p5_db,-4.9151745360229455,-4.921992390267934,-4.902217517509704,2000,838,paired_delta_pbo_minus_baseline
LF20_PBO05_F15,0.2,5.0,0.15,affected,spectral_efficiency_mean_bpshz,-0.9959132829680306,-0.9982239141371648,-0.993434802721625,2000,838,paired_delta_pbo_minus_baseline
LF20_PBO05_F15,0.2,5.0,0.15,affected,spectral_efficiency_p5_bpshz,-0.7788990167679661,-0.7811588719100319,-0.7750017508047161,2000,838,paired_delta_pbo_minus_baseline
LF20_PBO05_F15,0.2,5.0,0.15,all,outage_probability,0.00013446282102998522,6.902276799959842e-05,0.0002073672246237967,2000,838,paired_delta_pbo_minus_baseline
LF20_PBO05_F15,0.2,5.0,0.15,all,sinr_mean_db,-0.6645819453862236,-0.6703259107406006,-0.6584802613877465,2000,838,paired_delta_pbo_minus_baseline
LF20_PBO05_F15,0.2,5.0,0.15,all,sinr_p5_db,-3.31311362470806,-3.373921075076717,-3.258360126107121,2000,838,paired_delta_pbo_minus_baseline
LF20_PBO05_F15,0.2,5.0,0.15,all,spectral_efficiency_mean_bpshz,-0.13322004689918776,-0.13434243970692747,-0.13199686677915895,2000,838,paired_delta_pbo_minus_baseline
LF20_PBO05_F15,0.2,5.0,0.15,all,spectral_efficiency_p5_bpshz,-0.5641759110477432,-0.572675586330125,-0.5562758835734869,2000,838,paired_delta_pbo_minus_baseline
LF20_PBO05_F15,0.2,5.0,0.15,unaffected,outage_probability,-2.9931030354340645e-05,-6.415571205734683e-05,-4.277761011399829e-06,2000,838,paired_delta_pbo_minus_baseline
LF20_PBO05_F15,0.2,5.0,0.15,unaffected,sinr_mean_db,0.08606749426028593,0.0803098545022772,0.09217606644002241,2000,838,paired_delta_pbo_minus_baseline
LF20_PBO05_F15,0.2,5.0,0.15,unaffected,sinr_p5_db,0.09428922917433624,0.0863990364828636,0.10246262266485019,2000,838,paired_delta_pbo_minus_baseline
LF20_PBO05_F15,0.2,5.0,0.15,unaffected,spectral_efficiency_mean_bpshz,0.01911823045529859,0.01797843872929601,0.020336651391996974,2000,838,paired_delta_pbo_minus_baseline
LF20_PBO05_F15,0.2,5.0,0.15,unaffected,spectral_efficiency_p5_bpshz,0.018209834596876195,0.016695055434693275,0.019778513632666504,2000,838,paired_delta_pbo_minus_baseline
LF20_PBO10_F15,0.2,10.0,0.15,affected,outage_probability,0.003462637415855489,0.002437754315598197,0.00465485666729295,2000,838,paired_delta_pbo_minus_baseline
LF20_PBO10_F15,0.2,10.0,0.15,affected,sinr_mean_db,-9.886438696957242,-9.895091573903704,-9.877001503063294,2000,838,paired_delta_pbo_minus_baseline
LF20_PBO10_F15,0.2,10.0,0.15,affected,sinr_p5_db,-9.883686885659179,-9.894148020271352,-9.869677183742136,2000,838,paired_delta_pbo_minus_baseline
LF20_PBO10_F15,0.2,10.0,0.15,affected,spectral_efficiency_mean_bpshz,-1.7116783262105157,-1.7166024041588452,-1.7065710914674797,2000,838,paired_delta_pbo_minus_baseline
LF20_PBO10_F15,0.2,10.0,0.15,affected,spectral_efficiency_p5_bpshz,-1.2114990781369257,-1.2160754857826666,-1.205533404118719,2000,838,paired_delta_pbo_minus_baseline
LF20_PBO10_F15,0.2,10.0,0.15,all,outage_probability,0.0004942417205426484,0.0003347260901169477,0.000675070631189634,2000,838,paired_delta_pbo_minus_baseline
LF20_PBO10_F15,0.2,10.0,0.15,all,sinr_mean_db,-1.3854743823284874,-1.3939429297470114,-1.3762020563842678,2000,838,paired_delta_pbo_minus_baseline
LF20_PBO10_F15,0.2,10.0,0.15,all,sinr_p5_db,-8.16205094674321,-8.209624001470111,-8.116954627441546,2000,838,paired_delta_pbo_minus_baseline
LF20_PBO10_F15,0.2,10.0,0.15,all,spectral_efficiency_mean_bpshz,-0.23504503204233984,-0.23671629695222074,-0.23323252928187974,2000,838,paired_delta_pbo_minus_baseline
LF20_PBO10_F15,0.2,10.0,0.15,all,spectral_efficiency_p5_bpshz,-1.0983195404352635,-1.103995248725272,-1.0922487263268725,2000,838,paired_delta_pbo_minus_baseline
LF20_PBO10_F15,0.2,10.0,0.15,unaffected,outage_probability,-2.9931030354340645e-05,-6.415571205734683e-05,-4.277761011399829e-06,2000,838,paired_delta_pbo_minus_baseline
LF20_PBO10_F15,0.2,10.0,0.15,unaffected,sinr_mean_db,0.11566438333949947,0.10712178426179357,0.12504115565029641,2000,838,paired_delta_pbo_minus_baseline
LF20_PBO10_F15,0.2,10.0,0.15,unaffected,sinr_p5_db,0.12433621939821649,0.11435658546828656,0.13620218997774444,2000,838,paired_delta_pbo_minus_baseline
LF20_PBO10_F15,0.2,10.0,0.15,unaffected,spectral_efficiency_mean_bpshz,0.025705560303686426,0.02401551051002949,0.02750225796247069,2000,838,paired_delta_pbo_minus_baseline
LF20_PBO10_F15,0.2,10.0,0.15,unaffected,spectral_efficiency_p5_bpshz,0.024035371768890368,0.022123279402191998,0.02632304530315761,2000,838,paired_delta_pbo_minus_baseline
LF20_PBO15_F15,0.2,15.0,0.15,affected,outage_probability,0.17267180008717128,0.16702696145405044,0.17892346659851788,2000,838,paired_delta_pbo_minus_baseline
LF20_PBO15_F15,0.2,15.0,0.15,affected,sinr_mean_db,-14.87643837982186,-14.88644775688308,-14.865285127287976,2000,838,paired_delta_pbo_minus_baseline
LF20_PBO15_F15,0.2,15.0,0.15,affected,sinr_p5_db,-14.872862136002942,-14.885164624590525,-14.859069904578215,2000,838,paired_delta_pbo_minus_baseline
LF20_PBO15_F15,0.2,15.0,0.15,affected,spectral_efficiency_mean_bpshz,-2.1365927199187595,-2.1435698463088317,-2.1293041276626896,2000,838,paired_delta_pbo_minus_baseline
LF20_PBO15_F15,0.2,15.0,0.15,affected,spectral_efficiency_p5_bpshz,-1.4872855161924794,-1.4937255990622198,-1.4790803892325748,2000,838,paired_delta_pbo_minus_baseline
LF20_PBO15_F15,0.2,15.0,0.15,all,outage_probability,0.025889544243719316,0.025044492956583817,0.026833397389431832,2000,838,paired_delta_pbo_minus_baseline
LF20_PBO15_F15,0.2,15.0,0.15,all,sinr_mean_db,-2.1257344183964664,-2.1355377719314665,-2.114943289706112,2000,838,paired_delta_pbo_minus_baseline
LF20_PBO15_F15,0.2,15.0,0.15,all,sinr_p5_db,-13.101156900307842,-13.1436984665116,-13.06058681688971,2000,838,paired_delta_pbo_minus_baseline
LF20_PBO15_F15,0.2,15.0,0.15,all,spectral_efficiency_mean_bpshz,-0.2968804512173673,-0.2988838757275927,-0.29474351899884665,2000,838,paired_delta_pbo_minus_baseline
LF20_PBO15_F15,0.2,15.0,0.15,all,spectral_efficiency_p5_bpshz,-1.3481261061614132,-1.3541903424875612,-1.3417614497159156,2000,838,paired_delta_pbo_minus_baseline
LF20_PBO15_F15,0.2,15.0,0.15,unaffected,outage_probability,-2.9931030354340645e-05,-6.415571205734683e-05,-4.277761011399829e-06,2000,838,paired_delta_pbo_minus_baseline
LF20_PBO15_F15,0.2,15.0,0.15,unaffected,sinr_mean_db,0.1258426142366762,0.11598542709851109,0.1366730840086649,2000,838,paired_delta_pbo_minus_baseline
LF20_PBO15_F15,0.2,15.0,0.15,unaffected,sinr_p5_db,0.13480722901712738,0.12326516499762541,0.14751695103978166,2000,838,paired_delta_pbo_minus_baseline
LF20_PBO15_F15,0.2,15.0,0.15,unaffected,spectral_efficiency_mean_bpshz,0.02798427024373762,0.026015821786659798,0.030075727551930786,2000,838,paired_delta_pbo_minus_baseline
LF20_PBO15_F15,0.2,15.0,0.15,unaffected,spectral_efficiency_p5_bpshz,0.026068059325869086,0.023840510548339994,0.02851251525664619,2000,838,paired_delta_pbo_minus_baseline
LF20_PBO20_F15,0.2,20.0,0.15,affected,outage_probability,0.6715095161993316,0.6663271638745489,0.6767129619333814,2000,838,paired_delta_pbo_minus_baseline
LF20_PBO20_F15,0.2,20.0,0.15,affected,sinr_mean_db,-19.87304603695881,-19.883620602937846,-19.861117278598236,2000,838,paired_delta_pbo_minus_baseline
LF20_PBO20_F15,0.2,20.0,0.15,affected,sinr_p5_db,-19.870619668186393,-19.882161909898546,-19.855425315239543,2000,838,paired_delta_pbo_minus_baseline
LF20_PBO20_F15,0.2,20.0,0.15,affected,spectral_efficiency_mean_bpshz,-2.341051715039954,-2.3494814956650134,-2.3322496567870195,2000,838,paired_delta_pbo_minus_baseline
LF20_PBO20_F15,0.2,20.0,0.15,affected,spectral_efficiency_p5_bpshz,-1.4872855161924794,-1.4937255990622198,-1.4790803892325748,2000,838,paired_delta_pbo_minus_baseline
LF20_PBO20_F15,0.2,20.0,0.15,all,outage_probability,0.10075626251503622,0.09997370920203773,0.10155580068523838,2000,838,paired_delta_pbo_minus_baseline
LF20_PBO20_F15,0.2,20.0,0.15,all,sinr_mean_db,-2.8726976919764207,-2.883085054755813,-2.8613174197250237,2000,838,paired_delta_pbo_minus_baseline
LF20_PBO20_F15,0.2,20.0,0.15,all,sinr_p5_db,-18.089254174467587,-18.132155483801032,-18.048148581395832,2000,838,paired_delta_pbo_minus_baseline
LF20_PBO20_F15,0.2,20.0,0.15,all,spectral_efficiency_mean_bpshz,-0.3269028139760408,-0.32907907068128517,-0.3245266441688047,2000,838,paired_delta_pbo_minus_baseline
LF20_PBO20_F15,0.2,20.0,0.15,all,spectral_efficiency_p5_bpshz,-1.4879274475925661,-1.49422553168845,-1.4811807487466095,2000,838,paired_delta_pbo_minus_baseline
LF20_PBO20_F15,0.2,20.0,0.15,unaffected,outage_probability,-2.9931030354340645e-05,-6.415571205734683e-05,-4.277761011399829e-06,2000,838,paired_delta_pbo_minus_baseline
LF20_PBO20_F15,0.2,20.0,0.15,unaffected,sinr_mean_db,0.12930078560772706,0.11888313560327997,0.14073982741553306,2000,838,paired_delta_pbo_minus_baseline
LF20_PBO20_F15,0.2,20.0,0.15,unaffected,sinr_p5_db,0.13817495760928722,0.1261870430420011,0.1513462964810064,2000,838,paired_delta_pbo_minus_baseline
LF20_PBO20_F15,0.2,20.0,0.15,unaffected,spectral_efficiency_mean_bpshz,0.02876471776640388,0.026677823509095068,0.031009584820602187,2000,838,paired_delta_pbo_minus_baseline
LF20_PBO20_F15,0.2,20.0,0.15,unaffected,spectral_efficiency_p5_bpshz,0.026722101204836868,0.024408658988575478,0.02925473443585694,2000,838,paired_delta_pbo_minus_baseline
LF50_PBO05_F05,0.5,5.0,0.05,affected,outage_probability,0.002610435942802448,0.001892483647301358,0.003456840588136268,2000,838,paired_delta_pbo_minus_baseline
LF50_PBO05_F05,0.5,5.0,0.05,affected,sinr_mean_db,-4.944375180928533,-4.9482947443124,-4.940020416168768,2000,838,paired_delta_pbo_minus_baseline
LF50_PBO05_F05,0.5,5.0,0.05,affected,sinr_p5_db,-4.930574017060889,-4.9419950848750185,-4.916028234742999,2000,838,paired_delta_pbo_minus_baseline
LF50_PBO05_F05,0.5,5.0,0.05,affected,spectral_efficiency_mean_bpshz,-0.9399465035730452,-0.9427542187304424,-0.9370215848647311,2000,838,paired_delta_pbo_minus_baseline
LF50_PBO05_F05,0.5,5.0,0.05,affected,spectral_efficiency_p5_bpshz,-0.6847145071513021,-0.6891212694247238,-0.6786968929266445,2000,838,paired_delta_pbo_minus_baseline
LF50_PBO05_F05,0.5,5.0,0.05,all,outage_probability,0.00010303458624357669,4.6423027753111406e-05,0.00015687033586406828,2000,838,paired_delta_pbo_minus_baseline
LF50_PBO05_F05,0.5,5.0,0.05,all,sinr_mean_db,-0.19242458268939533,-0.19653694903651703,-0.18768575669115703,2000,838,paired_delta_pbo_minus_baseline
LF50_PBO05_F05,0.5,5.0,0.05,all,sinr_p5_db,-0.630376320528669,-0.6966998429260024,-0.5780095116660392,2000,838,paired_delta_pbo_minus_baseline
LF50_PBO05_F05,0.5,5.0,0.05,all,spectral_efficiency_mean_bpshz,-0.03535600247767556,-0.03610904759053287,-0.0344999428355882,2000,838,paired_delta_pbo_minus_baseline
LF50_PBO05_F05,0.5,5.0,0.05,all,spectral_efficiency_p5_bpshz,-0.10778774233731303,-0.11832993559999457,-0.09930683208086905,2000,838,paired_delta_pbo_minus_baseline
LF50_PBO05_F05,0.5,5.0,0.05,unaffected,outage_probability,-2.9024826920374242e-05,-7.514879605687315e-05,0.0,2000,838,paired_delta_pbo_minus_baseline
LF50_PBO05_F05,0.5,5.0,0.05,unaffected,sinr_mean_db,0.05785039053977137,0.05373148433134174,0.06261540428680923,2000,838,paired_delta_pbo_minus_baseline
LF50_PBO05_F05,0.5,5.0,0.05,unaffected,sinr_p5_db,0.07017421308231464,0.0634246379235934,0.07756494101103548,2000,838,paired_delta_pbo_minus_baseline
LF50_PBO05_F05,0.5,5.0,0.05,unaffected,spectral_efficiency_mean_bpshz,0.012286825191640371,0.011526623444274752,0.013147179074259451,2000,838,paired_delta_pbo_minus_baseline
LF50_PBO05_F05,0.5,5.0,0.05,unaffected,spectral_efficiency_p5_bpshz,0.012341862973410445,0.01112297917181131,0.013633834141468508,2000,838,paired_delta_pbo_minus_baseline
LF50_PBO10_F05,0.5,10.0,0.05,affected,outage_probability,0.00890448704933724,0.0072910976249548325,0.010619910007924163,2000,838,paired_delta_pbo_minus_baseline
LF50_PBO10_F05,0.5,10.0,0.05,affected,sinr_mean_db,-9.925509351185418,-9.931213805196865,-9.918935010590635,2000,838,paired_delta_pbo_minus_baseline
LF50_PBO10_F05,0.5,10.0,0.05,affected,sinr_p5_db,-9.907630995165288,-9.923195173240071,-9.890314818340755,2000,838,paired_delta_pbo_minus_baseline
LF50_PBO10_F05,0.5,10.0,0.05,affected,spectral_efficiency_mean_bpshz,-1.5803496017770706,-1.586256988395295,-1.5741307239022608,2000,838,paired_delta_pbo_minus_baseline
LF50_PBO10_F05,0.5,10.0,0.05,affected,spectral_efficiency_p5_bpshz,-1.0346487575638577,-1.0425471748826836,-1.024841114472538,2000,838,paired_delta_pbo_minus_baseline
LF50_PBO10_F05,0.5,10.0,0.05,all,outage_probability,0.00041794311039648004,0.000326289808132422,0.0005128641520461981,2000,838,paired_delta_pbo_minus_baseline
LF50_PBO10_F05,0.5,10.0,0.05,all,sinr_mean_db,-0.42282558850233,-0.428828504537063,-0.4157430964686492,2000,838,paired_delta_pbo_minus_baseline
LF50_PBO10_F05,0.5,10.0,0.05,all,sinr_p5_db,-2.2164944576027836,-2.4754611465778464,-1.9461885836402288,2000,838,paired_delta_pbo_minus_baseline
LF50_PBO10_F05,0.5,10.0,0.05,all,spectral_efficiency_mean_bpshz,-0.06339599286781006,-0.06449127161750798,-0.062139873798551015,2000,838,paired_delta_pbo_minus_baseline
LF50_PBO10_F05,0.5,10.0,0.05,all,spectral_efficiency_p5_bpshz,-0.35345590289472106,-0.3879280875927064,-0.31561529247510034,2000,838,paired_delta_pbo_minus_baseline
LF50_PBO10_F05,0.5,10.0,0.05,unaffected,outage_probability,-2.9024826920374242e-05,-7.514879605687315e-05,0.0,2000,838,paired_delta_pbo_minus_baseline
LF50_PBO10_F05,0.5,10.0,0.05,unaffected,sinr_mean_db,0.07766023834780889,0.07158868572613634,0.08476939918837872,2000,838,paired_delta_pbo_minus_baseline
LF50_PBO10_F05,0.5,10.0,0.05,unaffected,sinr_p5_db,0.09345511078869428,0.08358185136531536,0.10432534000642857,2000,838,paired_delta_pbo_minus_baseline
LF50_PBO10_F05,0.5,10.0,0.05,unaffected,spectral_efficiency_mean_bpshz,0.016498676912710675,0.015360994286998119,0.01779475523544134,2000,838,paired_delta_pbo_minus_baseline
LF50_PBO10_F05,0.5,10.0,0.05,unaffected,spectral_efficiency_p5_bpshz,0.01645125979419948,0.014697410727563193,0.018305604328330873,2000,838,paired_delta_pbo_minus_baseline
LF50_PBO15_F05,0.5,15.0,0.05,affected,outage_probability,0.33404878614728656,0.3274176508826772,0.34057847810264075,2000,838,paired_delta_pbo_minus_baseline
LF50_PBO15_F05,0.5,15.0,0.05,affected,sinr_mean_db,-14.919114316952165,-14.92559399678857,-14.911505072915135,2000,838,paired_delta_pbo_minus_baseline
LF50_PBO15_F05,0.5,15.0,0.05,affected,sinr_p5_db,-14.901832757972475,-14.917189220820505,-14.882974829901437,2000,838,paired_delta_pbo_minus_baseline
LF50_PBO15_F05,0.5,15.0,0.05,affected,spectral_efficiency_mean_bpshz,-1.9535989026485159,-1.9617904656819878,-1.9451264546601692,2000,838,paired_delta_pbo_minus_baseline
LF50_PBO15_F05,0.5,15.0,0.05,affected,spectral_efficiency_p5_bpshz,-1.242868050580917,-1.2533987333488934,-1.2303030595314637,2000,838,paired_delta_pbo_minus_baseline
LF50_PBO15_F05,0.5,15.0,0.05,all,outage_probability,0.016685798206037245,0.016351505949851103,0.017025779692612097,2000,838,paired_delta_pbo_minus_baseline
LF50_PBO15_F05,0.5,15.0,0.05,all,sinr_mean_db,-0.6662425665112499,-0.6731228580146784,-0.6580771865006985,2000,838,paired_delta_pbo_minus_baseline
LF50_PBO15_F05,0.5,15.0,0.05,all,sinr_p5_db,-5.50238997663844,-5.721416769899803,-5.244441747173314,2000,838,paired_delta_pbo_minus_baseline
LF50_PBO15_F05,0.5,15.0,0.05,all,spectral_efficiency_mean_bpshz,-0.08069689717498019,-0.08195621537837512,-0.07921319824158436,2000,838,paired_delta_pbo_minus_baseline
LF50_PBO15_F05,0.5,15.0,0.05,all,spectral_efficiency_p5_bpshz,-0.741594730382609,-0.75893340037442,-0.7198829416919497,2000,838,paired_delta_pbo_minus_baseline
LF50_PBO15_F05,0.5,15.0,0.05,unaffected,outage_probability,-2.9024826920374242e-05,-7.514879605687315e-05,0.0,2000,838,paired_delta_pbo_minus_baseline
LF50_PBO15_F05,0.5,15.0,0.05,unaffected,sinr_mean_db,0.08442540068145998,0.07752206454897984,0.09260178464389365,2000,838,paired_delta_pbo_minus_baseline
LF50_PBO15_F05,0.5,15.0,0.05,unaffected,sinr_p5_db,0.10091639360915394,0.08986131278307427,0.11281387734440163,2000,838,paired_delta_pbo_minus_baseline
LF50_PBO15_F05,0.5,15.0,0.05,unaffected,spectral_efficiency_mean_bpshz,0.017944805761586746,0.016647856088342648,0.019454536682476986,2000,838,paired_delta_pbo_minus_baseline
LF50_PBO15_F05,0.5,15.0,0.05,unaffected,spectral_efficiency_p5_bpshz,0.017769842777502598,0.015821141334751026,0.019860026583122584,2000,838,paired_delta_pbo_minus_baseline
LF50_PBO20_F05,0.5,20.0,0.05,affected,outage_probability,0.7441482727615512,0.739392507213572,0.7494636045405666,2000,838,paired_delta_pbo_minus_baseline
LF50_PBO20_F05,0.5,20.0,0.05,affected,sinr_mean_db,-19.91696727096779,-19.92379806810157,-19.908897378895176,2000,838,paired_delta_pbo_minus_baseline
LF50_PBO20_F05,0.5,20.0,0.05,affected,sinr_p5_db,-19.899036187829115,-19.91531393359226,-19.880954473792723,2000,838,paired_delta_pbo_minus_baseline
LF50_PBO20_F05,0.5,20.0,0.05,affected,spectral_efficiency_mean_bpshz,-2.10945787583061,-2.1192725532323284,-2.0993623303217146,2000,838,paired_delta_pbo_minus_baseline
LF50_PBO20_F05,0.5,20.0,0.05,affected,spectral_efficiency_p5_bpshz,-1.242868050580917,-1.2533987333488934,-1.2303030595314637,2000,838,paired_delta_pbo_minus_baseline
LF50_PBO20_F05,0.5,20.0,0.05,all,outage_probability,0.03720419278206444,0.03696213029560044,0.03747305155600703,2000,838,paired_delta_pbo_minus_baseline
LF50_PBO20_F05,0.5,20.0,0.05,all,sinr_mean_db,-0.9141422660358094,-0.9213838510892429,-0.9055850046757783,2000,838,paired_delta_pbo_minus_baseline
LF50_PBO20_F05,0.5,20.0,0.05,all,sinr_p5_db,-8.863629871869652,-9.03822523429881,-8.691088244225456,2000,838,paired_delta_pbo_minus_baseline
LF50_PBO20_F05,0.5,20.0,0.05,all,spectral_efficiency_mean_bpshz,-0.08803067033879985,-0.08937523224823993,-0.08645807370501914,2000,838,paired_delta_pbo_minus_baseline
LF50_PBO20_F05,0.5,20.0,0.05,all,spectral_efficiency_p5_bpshz,-0.9854266416190898,-0.9933554964255973,-0.9770672375066783,2000,838,paired_delta_pbo_minus_baseline
LF50_PBO20_F05,0.5,20.0,0.05,unaffected,outage_probability,-2.9024826920374242e-05,-7.514879605687315e-05,0.0,2000,838,paired_delta_pbo_minus_baseline
LF50_PBO20_F05,0.5,20.0,0.05,unaffected,sinr_mean_db,0.08669547860535243,0.07943159271232117,0.09535482311551519,2000,838,paired_delta_pbo_minus_baseline
LF50_PBO20_F05,0.5,20.0,0.05,unaffected,sinr_p5_db,0.10345873407461381,0.09227846530147624,0.11640541219145938,2000,838,paired_delta_pbo_minus_baseline
LF50_PBO20_F05,0.5,20.0,0.05,unaffected,spectral_efficiency_mean_bpshz,0.018433534050583678,0.017064103887409487,0.020028745473213205,2000,838,paired_delta_pbo_minus_baseline
LF50_PBO20_F05,0.5,20.0,0.05,unaffected,spectral_efficiency_p5_bpshz,0.018219307059205603,0.01623945733380109,0.02046933630418859,2000,838,paired_delta_pbo_minus_baseline
LF50_PBO05_F10,0.5,5.0,0.1,affected,outage_probability,0.0023060522995257365,0.0017313561178914894,0.002947973882942891,2000,838,paired_delta_pbo_minus_baseline
LF50_PBO05_F10,0.5,5.0,0.1,affected,sinr_mean_db,-4.883767507407474,-4.889725552897312,-4.8771550666878385,2000,838,paired_delta_pbo_minus_baseline
LF50_PBO05_F10,0.5,5.0,0.1,affected,sinr_p5_db,-4.863625736366004,-4.875212590807189,-4.846582780368001,2000,838,paired_delta_pbo_minus_baseline
LF50_PBO05_F10,0.5,5.0,0.1,affected,spectral_efficiency_mean_bpshz,-0.9314337392351664,-0.9340352876412492,-0.928653948670399,2000,838,paired_delta_pbo_minus_baseline
LF50_PBO05_F10,0.5,5.0,0.1,affected,spectral_efficiency_p5_bpshz,-0.6780566562691318,-0.6818685297812901,-0.6721008034809296,2000,838,paired_delta_pbo_minus_baseline
LF50_PBO05_F10,0.5,5.0,0.1,all,outage_probability,0.00018720368486508998,0.00011628103521680412,0.0002603135072781344,2000,838,paired_delta_pbo_minus_baseline
LF50_PBO05_F10,0.5,5.0,0.1,all,sinr_mean_db,-0.3819725229883586,-0.38818661536151877,-0.37504581132834874,2000,838,paired_delta_pbo_minus_baseline
LF50_PBO05_F10,0.5,5.0,0.1,all,sinr_p5_db,-2.249249437994686,-2.341305384545036,-2.159098971666549,2000,838,paired_delta_pbo_minus_baseline
LF50_PBO05_F10,0.5,5.0,0.1,all,spectral_efficiency_mean_bpshz,-0.07060265550142386,-0.07174962965028854,-0.06930647868808673,2000,838,paired_delta_pbo_minus_baseline
LF50_PBO05_F10,0.5,5.0,0.1,all,spectral_efficiency_p5_bpshz,-0.3581317143531486,-0.3699089586772839,-0.3461677408760425,2000,838,paired_delta_pbo_minus_baseline
LF50_PBO05_F10,0.5,5.0,0.1,unaffected,outage_probability,-4.83761731221982e-05,-9.854717649984374e-05,-1.2873278757574053e-05,2000,838,paired_delta_pbo_minus_baseline
LF50_PBO05_F10,0.5,5.0,0.1,unaffected,sinr_mean_db,0.11855036278052467,0.11225131733179114,0.12549445674516355,2000,838,paired_delta_pbo_minus_baseline
LF50_PBO05_F10,0.5,5.0,0.1,unaffected,sinr_p5_db,0.14052787196418004,0.12981867246389373,0.15154251503240485,2000,838,paired_delta_pbo_minus_baseline
LF50_PBO05_F10,0.5,5.0,0.1,unaffected,spectral_efficiency_mean_bpshz,0.025107091317616792,0.023945880772471194,0.02635852931454964,2000,838,paired_delta_pbo_minus_baseline
LF50_PBO05_F10,0.5,5.0,0.1,unaffected,spectral_efficiency_p5_bpshz,0.02478335981922175,0.02293734044842823,0.02671720104061959,2000,838,paired_delta_pbo_minus_baseline
LF50_PBO10_F10,0.5,10.0,0.1,affected,outage_probability,0.008571552886916417,0.007076760659832643,0.0101521023690975,2000,838,paired_delta_pbo_minus_baseline
LF50_PBO10_F10,0.5,10.0,0.1,affected,sinr_mean_db,-9.843398336104531,-9.852167018519657,-9.833290517517339,2000,838,paired_delta_pbo_minus_baseline
LF50_PBO10_F10,0.5,10.0,0.1,affected,sinr_p5_db,-9.813856834591977,-9.832369450661869,-9.79698381010732,2000,838,paired_delta_pbo_minus_baseline
LF50_PBO10_F10,0.5,10.0,0.1,affected,spectral_efficiency_mean_bpshz,-1.574946348269288,-1.580091516367635,-1.5693603263430127,2000,838,paired_delta_pbo_minus_baseline
LF50_PBO10_F10,0.5,10.0,0.1,affected,spectral_efficiency_p5_bpshz,-1.0308528179453487,-1.0379331119987023,-1.0223615644959625,2000,838,paired_delta_pbo_minus_baseline
LF50_PBO10_F10,0.5,10.0,0.1,all,outage_probability,0.00081411835045981,0.0006629099793966788,0.0009757324030067113,2000,838,paired_delta_pbo_minus_baseline
LF50_PBO10_F10,0.5,10.0,0.1,all,sinr_mean_db,-0.8409011054200226,-0.8501243470829941,-0.830316407723605,2000,838,paired_delta_pbo_minus_baseline
LF50_PBO10_F10,0.5,10.0,0.1,all,sinr_p5_db,-6.686852932526643,-6.747952379701601,-6.623618736387244,2000,838,paired_delta_pbo_minus_baseline
LF50_PBO10_F10,0.5,10.0,0.1,all,spectral_efficiency_mean_bpshz,-0.1270551776665676,-0.1288112056869362,-0.125038169227318,2000,838,paired_delta_pbo_minus_baseline
LF50_PBO10_F10,0.5,10.0,0.1,all,spectral_efficiency_p5_bpshz,-0.8433229979333456,-0.8498575551171084,-0.836900874868378,2000,838,paired_delta_pbo_minus_baseline
LF50_PBO10_F10,0.5,10.0,0.1,unaffected,outage_probability,-4.83761731221982e-05,-9.854717649984374e-05,-1.2873278757574053e-05,2000,838,paired_delta_pbo_minus_baseline
LF50_PBO10_F10,0.5,10.0,0.1,unaffected,sinr_mean_db,0.16002317225674023,0.15065792642292983,0.17077468546216829,2000,838,paired_delta_pbo_minus_baseline
LF50_PBO10_F10,0.5,10.0,0.1,unaffected,sinr_p5_db,0.18755604473422505,0.17300555943146992,0.20390038941428565,2000,838,paired_delta_pbo_minus_baseline
LF50_PBO10_F10,0.5,10.0,0.1,unaffected,spectral_efficiency_mean_bpshz,0.033925646537465326,0.03220762864645561,0.03581331651403758,2000,838,paired_delta_pbo_minus_baseline
LF50_PBO10_F10,0.5,10.0,0.1,unaffected,spectral_efficiency_p5_bpshz,0.033137266538525445,0.03057525727608747,0.03596643541394102,2000,838,paired_delta_pbo_minus_baseline
LF50_PBO15_F10,0.5,15.0,0.1,affected,outage_probability,0.32183207878286846,0.31635761101136994,0.3272324099865617,2000,838,paired_delta_pbo_minus_baseline
LF50_PBO15_F10,0.5,15.0,0.1,affected,sinr_mean_db,-14.829490887733286,-14.83965733109788,-14.817849718456204,2000,838,paired_delta_pbo_minus_baseline
LF50_PBO15_F10,0.5,15.0,0.1,affected,sinr_p5_db,-14.795892169823535,-14.816358591503331,-14.778644246819928,2000,838,paired_delta_pbo_minus_baseline
LF50_PBO15_F10,0.5,15.0,0.1,affected,spectral_efficiency_mean_bpshz,-1.9521417644215302,-1.9590616758746686,-1.9446596126936697,2000,838,paired_delta_pbo_minus_baseline
LF50_PBO15_F10,0.5,15.0,0.1,affected,spectral_efficiency_p5_bpshz,-1.24334456309214,-1.252663613768972,-1.2318065081735967,2000,838,paired_delta_pbo_minus_baseline
LF50_PBO15_F10,0.5,15.0,0.1,all,outage_probability,0.032158400438840266,0.03160459710947856,0.03270115115429183,2000,838,paired_delta_pbo_minus_baseline
LF50_PBO15_F10,0.5,15.0,0.1,all,sinr_mean_db,-1.3268665238271664,-1.3374628419168224,-1.3145030187261781,2000,838,paired_delta_pbo_minus_baseline
LF50_PBO15_F10,0.5,15.0,0.1,all,sinr_p5_db,-11.399829286131602,-11.446945635693286,-11.351083910680327,2000,838,paired_delta_pbo_minus_baseline
LF50_PBO15_F10,0.5,15.0,0.1,all,spectral_efficiency_mean_bpshz,-0.16202367420225938,-0.16403830208791859,-0.15970557639001579,2000,838,paired_delta_pbo_minus_baseline
LF50_PBO15_F10,0.5,15.0,0.1,all,spectral_efficiency_p5_bpshz,-1.09308586944083,-1.101348002694353,-1.0844145444478703,2000,838,paired_delta_pbo_minus_baseline
LF50_PBO15_F10,0.5,15.0,0.1,unaffected,outage_probability,-4.83761731221982e-05,-9.854717649984374e-05,-1.2873278757574053e-05,2000,838,paired_delta_pbo_minus_baseline
LF50_PBO15_F10,0.5,15.0,0.1,unaffected,sinr_mean_db,0.17439520298769118,0.16367960764474906,0.18700558728425062,2000,838,paired_delta_pbo_minus_baseline
LF50_PBO15_F10,0.5,15.0,0.1,unaffected,sinr_p5_db,0.2038062303332313,0.18710076776349502,0.22184055236004357,2000,838,paired_delta_pbo_minus_baseline
LF50_PBO15_F10,0.5,15.0,0.1,unaffected,spectral_efficiency_mean_bpshz,0.037006951466993954,0.03502056247437393,0.03926473165330716,2000,838,paired_delta_pbo_minus_baseline
LF50_PBO15_F10,0.5,15.0,0.1,unaffected,spectral_efficiency_p5_bpshz,0.03603085377534598,0.03307141745341575,0.03921497293236035,2000,838,paired_delta_pbo_minus_baseline
LF50_PBO20_F10,0.5,20.0,0.1,affected,outage_probability,0.7368344718560096,0.7329907997964172,0.7408592529318007,2000,838,paired_delta_pbo_minus_baseline
LF50_PBO20_F10,0.5,20.0,0.1,affected,sinr_mean_db,-19.824795654673608,-19.835480353974496,-19.812437396851454,2000,838,paired_delta_pbo_minus_baseline
LF50_PBO20_F10,0.5,20.0,0.1,affected,sinr_p5_db,-19.790440318782505,-19.81168411269808,-19.773366858911064,2000,838,paired_delta_pbo_minus_baseline
LF50_PBO20_F10,0.5,20.0,0.1,affected,spectral_efficiency_mean_bpshz,-2.1116768092121823,-2.1197453674595463,-2.1028584938665347,2000,838,paired_delta_pbo_minus_baseline
LF50_PBO20_F10,0.5,20.0,0.1,affected,spectral_efficiency_p5_bpshz,-1.24334456309214,-1.252663613768972,-1.2318065081735967,2000,838,paired_delta_pbo_minus_baseline
LF50_PBO20_F10,0.5,20.0,0.1,all,outage_probability,0.0736827898863572,0.07328921580203045,0.07409119167966355,2000,838,paired_delta_pbo_minus_baseline
LF50_PBO20_F10,0.5,20.0,0.1,all,sinr_mean_db,-1.8223159687149977,-1.833532420968061,-1.8092676329461177,2000,838,paired_delta_pbo_minus_baseline
LF50_PBO20_F10,0.5,20.0,0.1,all,sinr_p5_db,-16.3269406896964,-16.375801594663464,-16.275442234172168,2000,838,paired_delta_pbo_minus_baseline
LF50_PBO20_F10,0.5,20.0,0.1,all,spectral_efficiency_mean_bpshz,-0.17704093646941055,-0.1791869385390773,-0.17457017868175118,2000,838,paired_delta_pbo_minus_baseline
LF50_PBO20_F10,0.5,20.0,0.1,all,spectral_efficiency_p5_bpshz,-1.2449145386113107,-1.2538551493125127,-1.2353706482661537,2000,838,paired_delta_pbo_minus_baseline
LF50_PBO20_F10,0.5,20.0,0.1,unaffected,outage_probability,-4.83761731221982e-05,-9.854717649984374e-05,-1.2873278757574053e-05,2000,838,paired_delta_pbo_minus_baseline
LF50_PBO20_F10,0.5,20.0,0.1,unaffected,sinr_mean_db,0.17925298646796506,0.16794080379457596,0.1924509345578995,2000,838,paired_delta_pbo_minus_baseline
LF50_PBO20_F10,0.5,20.0,0.1,unaffected,sinr_p5_db,0.2090806645450427,0.19195713833701758,0.22807642902065697,2000,838,paired_delta_pbo_minus_baseline
LF50_PBO20_F10,0.5,20.0,0.1,unaffected,spectral_efficiency_mean_bpshz,0.03805760384365131,0.03594667716840726,0.04044146535033192,2000,838,paired_delta_pbo_minus_baseline
LF50_PBO20_F10,0.5,20.0,0.1,unaffected,spectral_efficiency_p5_bpshz,0.03697081293113258,0.033930327243317605,0.04030737649221503,2000,838,paired_delta_pbo_minus_baseline
LF50_PBO05_F15,0.5,5.0,0.15,affected,outage_probability,0.0021183161804534554,0.0016196492906571862,0.0027005398912349453,2000,838,paired_delta_pbo_minus_baseline
LF50_PBO05_F15,0.5,5.0,0.15,affected,sinr_mean_db,-4.826408072842052,-4.833890227015312,-4.818099452097949,2000,838,paired_delta_pbo_minus_baseline
LF50_PBO05_F15,0.5,5.0,0.15,affected,sinr_p5_db,-4.7931779707396185,-4.809014813177072,-4.7786253927036055,2000,838,paired_delta_pbo_minus_baseline
LF50_PBO05_F15,0.5,5.0,0.15,affected,spectral_efficiency_mean_bpshz,-0.9215110600153502,-0.9241830991051511,-0.9187319015069652,2000,838,paired_delta_pbo_minus_baseline
LF50_PBO05_F15,0.5,5.0,0.15,affected,spectral_efficiency_p5_bpshz,-0.6711266257607936,-0.6758719426162794,-0.6666774396508931,2000,838,paired_delta_pbo_minus_baseline
LF50_PBO05_F15,0.5,5.0,0.15,all,outage_probability,0.00025686086993117005,0.00016583640160068277,0.0003547536916193923,2000,838,paired_delta_pbo_minus_baseline
LF50_PBO05_F15,0.5,5.0,0.15,all,sinr_mean_db,-0.5748990536765071,-0.5825769682620227,-0.5664550924810382,2000,838,paired_delta_pbo_minus_baseline
LF50_PBO05_F15,0.5,5.0,0.15,all,sinr_p5_db,-3.1912025016852854,-3.235365977596983,-3.144128688727595,2000,838,paired_delta_pbo_minus_baseline
LF50_PBO05_F15,0.5,5.0,0.15,all,spectral_efficiency_mean_bpshz,-0.10660133432536067,-0.1080099492187972,-0.10502204041382265,2000,838,paired_delta_pbo_minus_baseline
LF50_PBO05_F15,0.5,5.0,0.15,all,spectral_efficiency_p5_bpshz,-0.4855885009359411,-0.49115637939387385,-0.47986400916478666,2000,838,paired_delta_pbo_minus_baseline
LF50_PBO05_F15,0.5,5.0,0.15,unaffected,outage_probability,-7.170845391451326e-05,-0.00012813323123358998,-2.9069389681499846e-05,2000,838,paired_delta_pbo_minus_baseline
LF50_PBO05_F15,0.5,5.0,0.15,unaffected,sinr_mean_db,0.1755435896975639,0.16787837843781978,0.18404541899523405,2000,838,paired_delta_pbo_minus_baseline
LF50_PBO05_F15,0.5,5.0,0.15,unaffected,sinr_p5_db,0.20647560130803733,0.1937241468232066,0.21953489960932485,2000,838,paired_delta_pbo_minus_baseline
LF50_PBO05_F15,0.5,5.0,0.15,unaffected,spectral_efficiency_mean_bpshz,0.03724006549320835,0.03584021735515306,0.038767563909307766,2000,838,paired_delta_pbo_minus_baseline
LF50_PBO05_F15,0.5,5.0,0.15,unaffected,spectral_efficiency_p5_bpshz,0.03650565840972919,0.03426590941476847,0.038773784615038796,2000,838,paired_delta_pbo_minus_baseline
LF50_PBO10_F15,0.5,10.0,0.15,affected,outage_probability,0.007921922154298537,0.006563150565524048,0.009412462250671697,2000,838,paired_delta_pbo_minus_baseline
LF50_PBO10_F15,0.5,10.0,0.15,affected,sinr_mean_db,-9.765303655248383,-9.77684005740703,-9.752667174519313,2000,838,paired_delta_pbo_minus_baseline
LF50_PBO10_F15,0.5,10.0,0.15,affected,sinr_p5_db,-9.724349255127116,-9.743990162904675,-9.703664590787286,2000,838,paired_delta_pbo_minus_baseline
LF50_PBO10_F15,0.5,10.0,0.15,affected,spectral_efficiency_mean_bpshz,-1.5653754506451234,-1.5701931780438205,-1.5601030913421885,2000,838,paired_delta_pbo_minus_baseline
LF50_PBO10_F15,0.5,10.0,0.15,affected,spectral_efficiency_p5_bpshz,-1.0274662293340995,-1.034886337457396,-1.0197587831124977,2000,838,paired_delta_pbo_minus_baseline
LF50_PBO10_F15,0.5,10.0,0.15,all,outage_probability,0.00112757568325717,0.0009244027168517884,0.0013532532289251176,2000,838,paired_delta_pbo_minus_baseline
LF50_PBO10_F15,0.5,10.0,0.15,all,sinr_mean_db,-1.2632328562777397,-1.2749713376517942,-1.25014564343505,2000,838,paired_delta_pbo_minus_baseline
LF50_PBO10_F15,0.5,10.0,0.15,all,sinr_p5_db,-7.865535239299851,-7.901492103285646,-7.829434059345241,2000,838,paired_delta_pbo_minus_baseline
LF50_PBO10_F15,0.5,10.0,0.15,all,spectral_efficiency_mean_bpshz,-0.1919725897406448,-0.19414980876461027,-0.18951344128506054,2000,838,paired_delta_pbo_minus_baseline
LF50_PBO10_F15,0.5,10.0,0.15,all,spectral_efficiency_p5_bpshz,-0.9268939135950813,-0.9338363697036713,-0.919532849169019,2000,838,paired_delta_pbo_minus_baseline
LF50_PBO10_F15,0.5,10.0,0.15,unaffected,outage_probability,-7.170845391451326e-05,-0.00012813323123358998,-2.9069389681499846e-05,2000,838,paired_delta_pbo_minus_baseline
LF50_PBO10_F15,0.5,10.0,0.15,unaffected,sinr_mean_db,0.2374852312932738,0.22575050225748014,0.25054877376199985,2000,838,paired_delta_pbo_minus_baseline
LF50_PBO10_F15,0.5,10.0,0.15,unaffected,sinr_p5_db,0.2764971751040495,0.25862195398546,0.2944858152918086,2000,838,paired_delta_pbo_minus_baseline
LF50_PBO10_F15,0.5,10.0,0.15,unaffected,spectral_efficiency_mean_bpshz,0.05044958758710383,0.0483335580869221,0.05282209332388383,2000,838,paired_delta_pbo_minus_baseline
LF50_PBO10_F15,0.5,10.0,0.15,unaffected,spectral_efficiency_p5_bpshz,0.0490170524072715,0.04582284410210592,0.052186344878997606,2000,838,paired_delta_pbo_minus_baseline
LF50_PBO15_F15,0.5,15.0,0.15,affected,outage_probability,0.3140041012148882,0.30920314926897585,0.3188741977433055,2000,838,paired_delta_pbo_minus_baseline
LF50_PBO15_F15,0.5,15.0,0.15,affected,sinr_mean_db,-14.744037449738116,-14.75734790771416,-14.729175597188188,2000,838,paired_delta_pbo_minus_baseline
LF50_PBO15_F15,0.5,15.0,0.15,affected,sinr_p5_db,-14.700990697564867,-14.721082554825108,-14.676717954246147,2000,838,paired_delta_pbo_minus_baseline
LF50_PBO15_F15,0.5,15.0,0.15,affected,spectral_efficiency_mean_bpshz,-1.9445785260666852,-1.9511633194662448,-1.9377461676653704,2000,838,paired_delta_pbo_minus_baseline
LF50_PBO15_F15,0.5,15.0,0.15,affected,spectral_efficiency_p5_bpshz,-1.2442193000003747,-1.2537861101617367,-1.2341309389704598,2000,838,paired_delta_pbo_minus_baseline
LF50_PBO15_F15,0.5,15.0,0.15,all,outage_probability,0.04704907493807041,0.04632685235211235,0.047779960813249936,2000,838,paired_delta_pbo_minus_baseline
LF50_PBO15_F15,0.5,15.0,0.15,all,sinr_mean_db,-1.991831648697337,-2.0054231601142614,-1.9766731234068877,2000,838,paired_delta_pbo_minus_baseline
LF50_PBO15_F15,0.5,15.0,0.15,all,sinr_p5_db,-12.74127595563693,-12.781932026521103,-12.702911956107517,2000,838,paired_delta_pbo_minus_baseline
LF50_PBO15_F15,0.5,15.0,0.15,all,spectral_efficiency_mean_bpshz,-0.24491349631980408,-0.24742720941066204,-0.24202947541987477,2000,838,paired_delta_pbo_minus_baseline
LF50_PBO15_F15,0.5,15.0,0.15,all,spectral_efficiency_p5_bpshz,-1.1315233408430398,-1.1400676815588684,-1.1225933027198027,2000,838,paired_delta_pbo_minus_baseline
LF50_PBO15_F15,0.5,15.0,0.15,unaffected,outage_probability,-7.170845391451326e-05,-0.00012813323123358998,-2.9069389681499846e-05,2000,838,paired_delta_pbo_minus_baseline
LF50_PBO15_F15,0.5,15.0,0.15,unaffected,sinr_mean_db,0.2590865516506229,0.2454381393654814,0.274122614501197,2000,838,paired_delta_pbo_minus_baseline
LF50_PBO15_F15,0.5,15.0,0.15,unaffected,sinr_p5_db,0.30087898348976383,0.2801742271088562,0.3218167400030332,2000,838,paired_delta_pbo_minus_baseline
LF50_PBO15_F15,0.5,15.0,0.15,unaffected,spectral_efficiency_mean_bpshz,0.05509789070156934,0.05260929681564926,0.0579016139070173,2000,838,paired_delta_pbo_minus_baseline
LF50_PBO15_F15,0.5,15.0,0.15,unaffected,spectral_efficiency_p5_bpshz,0.05338906236267449,0.049741303785536345,0.057117605107517594,2000,838,paired_delta_pbo_minus_baseline
LF50_PBO20_F15,0.5,20.0,0.15,affected,outage_probability,0.7336241584771337,0.7303791395123811,0.7371325735843558,2000,838,paired_delta_pbo_minus_baseline
LF50_PBO20_F15,0.5,20.0,0.15,affected,sinr_mean_db,-19.73680497750401,-19.75100047818922,-19.72111791105846,2000,838,paired_delta_pbo_minus_baseline
LF50_PBO20_F15,0.5,20.0,0.15,affected,sinr_p5_db,-19.69408017911002,-19.7137562591969,-19.668339766598926,2000,838,paired_delta_pbo_minus_baseline
LF50_PBO20_F15,0.5,20.0,0.15,affected,spectral_efficiency_mean_bpshz,-2.1061653956275728,-2.113769313501755,-2.098281837270464,2000,838,paired_delta_pbo_minus_baseline
LF50_PBO20_F15,0.5,20.0,0.15,affected,spectral_efficiency_p5_bpshz,-1.2442193000003747,-1.2537861101617367,-1.2341309389704598,2000,838,paired_delta_pbo_minus_baseline
LF50_PBO20_F15,0.5,20.0,0.15,all,outage_probability,0.11000465832425128,0.10951243643784984,0.11052493939150312,2000,838,paired_delta_pbo_minus_baseline
LF50_PBO20_F15,0.5,20.0,0.15,all,sinr_mean_db,-2.734650855659475,-2.74900350895769,-2.718675616143356,2000,838,paired_delta_pbo_minus_baseline
LF50_PBO20_F15,0.5,20.0,0.15,all,sinr_p5_db,-17.72210497013834,-17.762805755089257,-17.68189539160886,2000,838,paired_delta_pbo_minus_baseline
LF50_PBO20_F15,0.5,20.0,0.15,all,spectral_efficiency_mean_bpshz,-0.26779931871812646,-0.2705277926165734,-0.26470744633661564,2000,838,paired_delta_pbo_minus_baseline
LF50_PBO20_F15,0.5,20.0,0.15,all,spectral_efficiency_p5_bpshz,-1.2449145386113107,-1.2538551493125127,-1.2353706482661537,2000,838,paired_delta_pbo_minus_baseline
LF50_PBO20_F15,0.5,20.0,0.15,unaffected,outage_probability,-7.170845391451326e-05,-0.00012813323123358998,-2.9069389681499846e-05,2000,838,paired_delta_pbo_minus_baseline
LF50_PBO20_F15,0.5,20.0,0.15,unaffected,sinr_mean_db,0.26643450596928986,0.25203641593475007,0.28249340086215186,2000,838,paired_delta_pbo_minus_baseline
LF50_PBO20_F15,0.5,20.0,0.15,unaffected,sinr_p5_db,0.3095383302160202,0.2877247730094323,0.33152045761749555,2000,838,paired_delta_pbo_minus_baseline
LF50_PBO20_F15,0.5,20.0,0.15,unaffected,spectral_efficiency_mean_bpshz,0.05669447678508277,0.05403598517266195,0.05970814108590122,2000,838,paired_delta_pbo_minus_baseline
LF50_PBO20_F15,0.5,20.0,0.15,unaffected,spectral_efficiency_p5_bpshz,0.05494372827720051,0.05106409050918194,0.05878971749923517,2000,838,paired_delta_pbo_minus_baseline
