scenario_id,load_factor,pbo_db,affected_fraction,group,baseline_mask_paired,n_snapshots,n_users,realized_affected_fraction_mean,realized_affected_fraction_std,sinr_mean_db,sinr_p5_db,sinr_median_db,spectral_efficiency_mean_bpshz,spectral_efficiency_p5_bpshz,spectral_efficiency_median_bpshz,outage_probability
LF20_PBO00_F00,0.2,0.0,0.0,all,False,1000,275169,0.0,0.0,8.331133883991075,4.1993071969677205,7.478400725281077,2.4132939606667256,1.4879274475925661,2.177188270040038,0.0001308286907318775
LF20_PBO00_F00,0.2,0.0,0.05,affected,True,1000,13784,0.0,0.0,8.365140876510013,4.195345073051504,7.523913100097779,2.42094343657715,1.4871646741372433,2.1874576711112703,0.0
LF20_PBO00_F00,0.2,0.0,0.05,unaffected,True,1000,261385,0.0,0.0,8.329340543191565,4.199568785189785,7.475997936485129,2.4128905695924514,1.4879778143786895,2.176646557426626,0.00013772787267823326
LF20_PBO05_F05,0.2,5.0,0.05,affected,False,1000,13784,0.05009683792861342,0.001057436357128513,3.391863074762801,-0.7769894189086656,2.550195815524482,1.4128591539815512,0.7013675461129212,1.1879094071584446,0.0010882182240278583
LF20_PBO05_F05,0.2,5.0,0.05,all,False,1000,275169,0.05009683792861342,0.001057436357128513,8.108300364238412,3.796472266042824,7.337372919137138,2.3685984079626015,1.4113699562984499,2.1454708556561237,0.0001635358634148469
LF20_PBO05_F05,0.2,5.0,0.05,unaffected,False,1000,261385,0.05009683792861342,0.001057436357128513,8.357019195074654,4.229524656882981,7.500433038009476,2.4189988130236224,1.4937511074441243,2.1821576070580813,0.00011477322723186105
LF20_PBO10_F05,0.2,10.0,0.05,affected,False,1000,13784,0.05009683792861342,0.001057436357128513,-1.598429474040576,-5.770694903763708,-2.4357021904442746,0.6958171798760739,0.27113438925734273,0.5211472796051357,0.003482298316889147
LF20_PBO10_F05,0.2,10.0,0.05,all,False,1000,275169,0.05009683792861342,0.001057436357128513,7.867445444898589,2.9006630929775556,7.264046291266808,2.334693373891325,1.248627647600183,2.129042601960911,0.00028346216325240124
LF20_PBO10_F05,0.2,10.0,0.05,unaffected,False,1000,261385,0.05009683792861342,0.001057436357128513,8.366623362080745,4.239057450413216,7.508614369725123,2.4211186448835633,1.4955906235423948,2.184003857555792,0.00011477322723186105
LF20_PBO15_F05,0.2,15.0,0.05,affected,False,1000,13784,0.05009683792861342,0.001057436357128513,-6.594804907014199,-10.76850277702059,-7.432881950742555,0.2715064715362795,0.0,0.1916137836300626,0.18448926291352294
LF20_PBO15_F05,0.2,15.0,0.05,all,False,1000,275169,0.05009683792861342,0.001057436357128513,7.620372193244985,-0.6143673528292408,7.265703057971976,2.3141526788771603,0.7212493490612019,2.129413305889861,0.009350617257031133
LF20_PBO15_F05,0.2,15.0,0.05,unaffected,False,1000,261385,0.05009683792861342,0.001057436357128513,8.370002053986696,4.242192654588612,7.511744349342635,2.4218705483876017,1.4961958565897349,2.184710327036382,0.00011477322723186105
LF20_PBO20_F05,0.2,20.0,0.05,affected,False,1000,13784,0.05009683792861342,0.001057436357128513,-11.593492311384964,-15.767961622355452,-12.432137894340023,0.0698102140837815,0.0,0.0,0.6711404526987812
LF20_PBO20_F05,0.2,20.0,0.05,all,False,1000,275169,0.05009683792861342,0.001057436357128513,7.371087153521216,-4.408891164362758,7.266970686983626,2.304299685763282,0.3568656295480537,2.129696954792613,0.03372836329673764
LF20_PBO20_F05,0.2,20.0,0.05,unaffected,False,1000,261385,0.05009683792861342,0.001057436357128513,8.371174240937352,4.243526973922289,7.512784282641704,2.4221343085520046,1.4964534754873975,2.1849450679501765,0.00011477322723186105
LF20_PBO00_F00,0.2,0.0,0.1,affected,True,1000,27564,0.0,0.0,8.326890763900765,4.188897086180489,7.46863032660729,2.4125873729137224,1.4859237401433465,2.1749858014165473,7.255840951966333e-05
LF20_PBO00_F00,0.2,0.0,0.1,unaffected,True,1000,247605,0.0,0.0,8.331606238596878,4.2007768641686,7.479265070190252,2.413372619760136,1.488210431468691,2.177383149110032,0.00013731548232063164
LF20_PBO05_F10,0.2,5.0,0.1,affected,False,1000,27564,0.10017047442638648,0.0010481928325394132,3.382677529349166,-0.7547012463465655,2.523132554794003,1.4115088094592463,0.7040686823843874,1.183291975578399,0.0011609345523146133
LF20_PBO05_F10,0.2,5.0,0.1,all,False,1000,275169,0.10017047442638648,0.0010481928325394132,7.887177926624484,2.0731871319018844,7.199758597882379,2.3244079524016166,1.1080479427603316,2.1146754579259524,0.0002180478178864625
LF20_PBO05_F10,0.2,5.0,0.1,unaffected,False,1000,247605,0.10017047442638648,0.0010481928325394132,8.38863003361141,4.262829398180093,7.533160657902684,2.4260341391751603,1.5001826414470234,2.1895462700551427,0.00011308333838169666
LF20_PBO10_F10,0.2,10.0,0.1,affected,False,1000,27564,0.10017047442638648,0.0010481928325394132,-1.598036582425257,-5.735395084248746,-2.452001872826628,0.6961611813479053,0.2731047903634827,0.5195752202865265,0.00391815411406182
LF20_PBO10_F10,0.2,10.0,0.1,all,False,1000,275169,0.10017047442638648,0.0010481928325394132,7.4058244555817145,-2.6367575809378727,7.034531235495351,2.2566571419644967,0.5020177343566691,2.0779069214866475,0.0004942417205426483
LF20_PBO10_F10,0.2,10.0,0.1,unaffected,False,1000,247605,0.10017047442638648,0.0010481928325394132,8.408156499165749,4.283170956269757,7.5509030026220785,2.4303754055635194,1.5041174567803133,2.193555318799157,0.00011308333838169666
LF20_PBO15_F10,0.2,15.0,0.1,affected,False,1000,27564,0.10017047442638648,0.0010481928325394132,-6.591319848576943,-10.728453559927255,-7.444682358318801,0.2724871910934555,0.0,0.19113461562686868,0.17900159628500945
LF20_PBO15_F10,0.2,15.0,0.1,all,False,1000,275169,0.10017047442638648,0.0010481928325394132,6.9116729689497545,-7.495955891274573,7.037288361269859,2.215565893215405,0.18906537078062843,2.078518598700066,0.01803255453921045
LF20_PBO15_F10,0.2,15.0,0.1,unaffected,False,1000,247605,0.10017047442638648,0.0010481928325394132,8.414859471735669,4.289849216867762,7.557055181720486,2.4318742122933292,1.5054103741260967,2.194946033400481,0.00011308333838169666
LF20_PBO20_F10,0.2,20.0,0.1,affected,False,1000,27564,0.10017047442638648,0.0010481928325394132,-11.589010721681523,-15.726520703627141,-12.440204243557787,0.07001867325522168,0.0,0.0,0.6721448265854012
LF20_PBO20_F10,0.2,20.0,0.1,all,False,1000,275169,0.10017047442638648,0.0010481928325394132,6.4130935190000935,-12.453200611868434,7.039495827051098,2.195745270652871,0.0,2.079008378309659,0.06743128768138854
LF20_PBO20_F10,0.2,20.0,0.1,unaffected,False,1000,247605,0.10017047442638648,0.0010481928325394132,8.417132214867092,4.292336039878359,7.559063520174234,2.432386404437199,1.5058919632349759,2.195400086749872,0.00011308333838169666
LF20_PBO00_F00,0.2,0.0,0.15,affected,True,1000,41298,0.0,0.0,8.324250732103042,4.195972839743218,7.45405222761385,2.4118806393936314,1.4872855161924794,2.171700967896987,7.26427429899753e-05
LF20_PBO00_F00,0.2,0.0,0.15,unaffected,True,1000,233871,0.0,0.0,8.332349342114027,4.200361862598214,7.482571138622035,2.413543531335754,1.4881305203954858,2.1781286043366874,0.00014110342881332017
LF20_PBO05_F15,0.2,5.0,0.15,affected,False,1000,41298,0.15008138864655135,0.001061986560271571,3.408733266847337,-0.7192016962797269,2.529155659742777,1.4159673564256008,0.7083864994245133,1.184318723727551,0.0011380696401762796
LF20_PBO05_F15,0.2,5.0,0.15,all,False,1000,275169,0.15008138864655135,0.001061986560271571,7.666551938604852,0.8861935722596608,7.054770489261173,2.280073913767538,0.9237515365448229,2.0823985564428824,0.0002652915117618627
LF20_PBO05_F15,0.2,5.0,0.15,unaffected,False,1000,233871,0.15008138864655135,0.001061986560271571,8.418416836374313,4.2946510917725504,7.563492444618888,2.4326617617910524,1.506340354992362,2.196401506795265,0.00011117239845897953
LF20_PBO10_F15,0.2,10.0,0.15,affected,False,1000,41298,0.15008138864655135,0.001061986560271571,-1.5621879648542008,-5.6877140459159605,-2.437598320500655,0.7002023131831157,0.27578643805555364,0.5209642097728219,0.0035352801588454646
LF20_PBO10_F15,0.2,10.0,0.15,all,False,1000,275169,0.15008138864655135,0.001061986560271571,6.945659501662588,-3.9627437497754894,6.78455134282332,2.178248928624386,0.3896079071573026,2.0227181104452163,0.0006250704112745259
LF20_PBO10_F15,0.2,10.0,0.15,unaffected,False,1000,233871,0.15008138864655135,0.001061986560271571,8.448013725453526,4.324698081996431,7.590634907752985,2.4392490916394403,1.5121658921643761,2.202541986785599,0.00011117239845897953
LF20_PBO15_F15,0.2,15.0,0.15,affected,False,1000,41298,0.15008138864655135,0.001061986560271571,-6.552187647718816,-10.676889296259723,-7.428406961485649,0.27528791947487186,0.0,0.1917957824316079,0.17274444283016127
LF20_PBO15_F15,0.2,15.0,0.15,all,False,1000,275169,0.15008138864655135,0.001061986560271571,6.205399465594609,-8.90184970334012,6.78388478157494,2.1164135094493584,0.13980134143115291,2.02257167503656,0.026020372934451193
LF20_PBO15_F15,0.2,15.0,0.15,unaffected,False,1000,233871,0.15008138864655135,0.001061986560271571,8.458191956350703,4.335169091615342,7.601671487771426,2.4415278015794915,1.5141985797213549,2.2050404387776115,0.00011117239845897953
LF20_PBO20_F15,0.2,20.0,0.15,affected,False,1000,41298,0.15008138864655135,0.001061986560271571,-11.54879530485577,-15.674646828443176,-12.425287310033227,0.07082892435367738,0.0,0.0,0.6715821589423216
LF20_PBO20_F15,0.2,20.0,0.15,all,False,1000,275169,0.15008138864655135,0.001061986560271571,5.458436192014655,-13.889946977499866,6.786735480601223,2.086391146690685,0.0,2.023197966275696,0.1008870912057681
LF20_PBO20_F15,0.2,20.0,0.15,unaffected,False,1000,233871,0.15008138864655135,0.001061986560271571,8.461650127721754,4.338536820207501,7.60490884966265,2.4423082491021577,1.5148526216003226,2.205773488482913,0.00011117239845897953
LF50_PBO00_F00,0.5,0.0,0.0,all,False,1000,689089,0.0,0.0,7.167685819941849,2.8795090695159304,6.382355060345745,2.1602437672655603,1.2449145386113107,1.9350828367553663,0.00034248115990822664
LF50_PBO00_F00,0.5,0.0,0.05,affected,True,1000,34477,0.0,0.0,7.157673074135488,2.867834995138614,6.346369040372608,2.1578281548325218,1.242868050580917,1.9273138411757225,0.00020303390666241263
LF50_PBO00_F00,0.5,0.0,0.05,unaffected,True,1000,654612,0.0,0.0,7.168213169634744,2.8803471681070807,6.384196379514357,2.1603709923543954,1.2450615309573239,1.9354806823354198,0.00034982554551398387
LF50_PBO05_F05,0.5,5.0,0.05,affected,False,1000,34477,0.05003291908190031,0.00042319415096529636,2.2132978932069554,-2.0627390219222748,1.40144019274733,1.2178816512594766,0.558153543429615,1.0011775536245826,0.0028134698494648607
LF50_PBO05_F05,0.5,5.0,0.05,all,False,1000,689089,0.05003291908190031,0.00042319415096529636,6.975261237252454,2.2491327489872615,6.271670052092034,2.1248877647878848,1.1371267962739977,1.911225862477274,0.0004455157461518033
LF50_PBO05_F05,0.5,5.0,0.05,unaffected,False,1000,654612,0.05003291908190031,0.00042319415096529636,7.226063560174516,2.9505213811893953,6.439494155206212,2.172657817546036,1.2574033939307343,1.9474432808894129,0.00032080071859360963
LF50_PBO10_F05,0.5,10.0,0.05,affected,False,1000,34477,0.05003291908190031,0.00042319415096529636,-2.76783627704993,-7.039796000026675,-3.578952473534457,0.5774785530554511,0.20821929301705935,0.419761678057521,0.009107520955999652
LF50_PBO10_F05,0.5,10.0,0.05,all,False,1000,689089,0.05003291908190031,0.00042319415096529636,6.744860231439519,0.6630146119131469,6.2050609155555065,2.0968477743977503,0.8914586357165897,1.896924667282203,0.0007604242703047067
LF50_PBO10_F05,0.5,10.0,0.05,unaffected,False,1000,654612,0.05003291908190031,0.00042319415096529636,7.245873407982553,2.973802278895775,6.459164051375716,2.176869669267106,1.2615127907515233,1.9517052950912195,0.00032080071859360963
LF50_PBO15_F05,0.5,15.0,0.05,affected,False,1000,34477,0.05003291908190031,0.00042319415096529636,-7.761441242816677,-12.033997762833861,-8.573016275177153,0.204229252184006,0.0,0.1501116071758516,0.334251820053949
LF50_PBO15_F05,0.5,15.0,0.05,all,False,1000,689089,0.05003291908190031,0.00042319415096529636,6.501443253430599,-2.62288090712251,6.21075506404766,2.07954687009058,0.5033198082287017,1.8981455700472485,0.017028279365945472
LF50_PBO15_F05,0.5,15.0,0.05,unaffected,False,1000,654612,0.05003291908190031,0.00042319415096529636,7.252638570316204,2.9812635617162346,6.465714419608723,2.178315798115982,1.2628313737348265,1.9531253998648697,0.00032080071859360963
LF50_PBO20_F05,0.5,20.0,0.05,affected,False,1000,34477,0.05003291908190031,0.00042319415096529636,-12.759294196832299,-17.0312011926905,-13.57173173388479,0.048370279001911695,0.0,0.0,0.7443513066682136
LF50_PBO20_F05,0.5,20.0,0.05,all,False,1000,689089,0.05003291908190031,0.00042319415096529636,6.25354355390604,-5.98412080235372,6.212584705004375,2.0722130969267605,0.25948789699222097,1.89853793554905,0.03754667394197266
LF50_PBO20_F05,0.5,20.0,0.05,unaffected,False,1000,654612,0.05003291908190031,0.00042319415096529636,7.254908648240097,2.9838059021816945,6.467689792836509,2.178804526404979,1.2632808380165295,1.9535537336572104,0.00032080071859360963
LF50_PBO00_F00,0.5,0.0,0.1,affected,True,1000,68949,0.0,0.0,7.175622841007062,2.870554187546486,6.388588517363232,2.1618297455217332,1.24334456309214,1.9364297991789892,0.0002465590508926888
LF50_PBO00_F00,0.5,0.0,0.1,unaffected,True,1000,620140,0.0,0.0,7.166803358456659,2.8806325490994715,6.381664533371691,2.1600674335106236,1.24511158552469,1.9349336458280069,0.00035314606379204693
LF50_PBO05_F10,0.5,5.0,0.1,affected,False,1000,68949,0.10005817937746353,0.00040991608042987237,2.291855333599588,-1.9930715488195176,1.5003602540875676,1.2303960062865669,0.5652879068230082,1.0164971714151332,0.0025526113504184254
LF50_PBO05_F10,0.5,5.0,0.1,all,False,1000,689089,0.10005817937746353,0.00040991608042987237,6.785713296953491,0.6302596315212443,6.152650567226814,2.0896411117641365,0.8867828242581621,1.885701737314998,0.0005296848447733166
LF50_PBO05_F10,0.5,5.0,0.1,unaffected,False,1000,620140,0.10005817937746353,0.00040991608042987237,7.2853537212371835,3.0211604210636516,6.4938632684158435,2.1851745248282404,1.2698949453439117,1.9592324898186149,0.00030476989066984873
LF50_PBO10_F10,0.5,10.0,0.1,affected,False,1000,68949,0.10005817937746353,0.00040991608042987237,-2.667775495097469,-6.94330264704549,-3.462000649603638,0.5868833972524452,0.2124917451467913,0.4293270245633386,0.008818111937809105
LF50_PBO10_F10,0.5,10.0,0.1,all,False,1000,689089,0.10005817937746353,0.00040991608042987237,6.326784714521827,-3.807343863010712,6.015104390565895,2.0331885895989927,0.40159154067796504,1.85637425698825,0.0011565995103680366
LF50_PBO10_F10,0.5,10.0,0.1,unaffected,False,1000,620140,0.10005817937746353,0.00040991608042987237,7.326826530713399,3.0681885938336966,6.532278110948013,2.193993080048089,1.2782488520632154,1.9675785567878412,0.00030476989066984873
LF50_PBO15_F10,0.5,15.0,0.1,affected,False,1000,68949,0.10005817937746353,0.00040991608042987237,-7.653868046726225,-11.925337982277048,-8.450273042472247,0.20968798110020292,0.0,0.1541395619415778,0.32207863783376117
LF50_PBO15_F10,0.5,15.0,0.1,all,False,1000,689089,0.10005817937746353,0.00040991608042987237,5.840819296114683,-8.520320216615673,6.025534644248324,1.998220093063301,0.15182866917048063,1.8585917356653656,0.03250088159874849
LF50_PBO15_F10,0.5,15.0,0.1,unaffected,False,1000,620140,0.10005817937746353,0.00040991608042987237,7.34119856144435,3.084438779432703,6.545550249156406,2.1970743849776175,1.281142439300036,1.970465207740793,0.00030476989066984873
LF50_PBO20_F10,0.5,20.0,0.1,affected,False,1000,68949,0.10005817937746353,0.00040991608042987237,-12.649172813666544,-16.91988613123602,-13.445556384741836,0.05015293630955093,0.0,0.0,0.7370810309069022
LF50_PBO20_F10,0.5,20.0,0.1,all,False,1000,689089,0.10005817937746353,0.00040991608042987237,5.3453698512268515,-13.44743162018047,6.029995957480239,1.9832028307961498,0.0,1.859540538839651,0.07402527104626543
LF50_PBO20_F10,0.5,20.0,0.1,unaffected,False,1000,620140,0.10005817937746353,0.00040991608042987237,7.346056344924624,3.0897132136445142,6.550131703847185,2.198125037354275,1.2820823984558225,1.9714620323525445,0.00030476989066984873
LF50_PBO00_F00,0.5,0.0,0.15,affected,True,1000,103384,0.0,0.0,7.155473091631683,2.8755443178856273,6.365615433654149,2.1572641627903346,1.2442193000003747,1.9314674285179299,0.00031919832856147954
LF50_PBO00_F00,0.5,0.0,0.15,unaffected,True,1000,585705,0.0,0.0,7.169841513855367,2.880327538309646,6.385674915705749,2.160769703409294,1.2450580880171624,1.935800165850447,0.0003465908605868142
LF50_PBO05_F15,0.5,5.0,0.15,affected,False,1000,103384,0.15003077545956195,0.00042661288052130473,2.329065018789631,-1.917633652853991,1.5309080029286193,1.2357531027749844,0.5730926742395811,1.0212574529133052,0.002437514509014935
LF50_PBO05_F15,0.5,5.0,0.15,all,False,1000,689089,0.15003077545956195,0.00042661288052130473,6.592786766265342,-0.3116934321693548,6.04057553380882,2.0536424329401997,0.7593260376753697,1.8617913122949188,0.0005993420298393967
LF50_PBO05_F15,0.5,5.0,0.15,unaffected,False,1000,585705,0.15003077545956195,0.00042661288052130473,7.345385103552931,3.0868031396176834,6.550796756969319,2.1980097689025024,1.2815637464268916,1.9716067492480729,0.0002748824066723009
LF50_PBO10_F15,0.5,10.0,0.15,affected,False,1000,103384,0.15003077545956195,0.00042661288052130473,-2.6098305636166996,-6.848804937241489,-3.412198942674692,0.5918887121452113,0.21675307066627525,0.43345454899994684,0.008241120482860017
LF50_PBO10_F15,0.5,10.0,0.15,all,False,1000,689089,0.15003077545956195,0.00042661288052130473,5.904452963664109,-4.986026169783921,5.818596780726196,1.9682711775249155,0.31802062501622935,1.814797540061152,0.0014700568431653966
LF50_PBO10_F15,0.5,10.0,0.15,unaffected,False,1000,585705,0.15003077545956195,0.00042661288052130473,7.407326745148641,3.1568247134136955,6.607949777277483,2.211219290996398,1.294075140424434,1.9840583190112075,0.0002748824066723009
LF50_PBO15_F15,0.5,15.0,0.15,affected,False,1000,103384,0.15003077545956195,0.00042661288052130473,-7.588564358106432,-11.82544637967924,-8.390852281347733,0.2126856367236494,0.0,0.15612561588471158,0.3143232995434497
LF50_PBO15_F15,0.5,15.0,0.15,all,False,1000,689089,0.15003077545956195,0.00042661288052130473,5.175854171244512,-9.861766886120998,5.828784006563197,1.9153302709457563,0.11339119776827086,1.8169434715962,0.047391556097978633
LF50_PBO15_F15,0.5,15.0,0.15,unaffected,False,1000,585705,0.15003077545956195,0.00042661288052130473,7.42892806550599,3.18120652179941,6.627901445753366,2.2158675941108634,1.298447150379837,1.9884120006482453,0.0002748824066723009
LF50_PBO20_F15,0.5,20.0,0.15,affected,False,1000,103384,0.15003077545956195,0.00042661288052130473,-12.581331885872327,-16.818535861224394,-13.38451285202622,0.05109876716276196,0.0,0.0,0.7339433568056952
LF50_PBO20_F15,0.5,20.0,0.15,all,False,1000,689089,0.15003077545956195,0.00042661288052130473,4.433034964282374,-14.842595900622408,5.835497202196663,1.8924444485474339,0.0,1.818358171489888,0.11034713948415951
LF50_PBO20_F15,0.5,20.0,0.15,unaffected,False,1000,585705,0.15003077545956195,0.00042661288052130473,7.436276019824657,3.1898658685256662,6.634886149430443,2.217464180194377,1.300001816294363,1.989936987534346,0.0002748824066723009
